<?xml version="1.0" encoding="UTF-8" standalone="no"?>
<!-- vim: set filetype=docbkxml encoding=utf8: -->

<!DOCTYPE chapter PUBLIC "-//Ryan//DTD DocBook XML-MathML-SVG V4.3//EN"
  "file:///c:/Documents and Settings/Taliesen/Desktop/Ry's Stuff/DocBook/docbook-mathml-svg.dtd">

<chapter id="Background" xmlns:xi="&XInclude-NS;" xmlns:mml="&MathML-NS;">
  <title>Background</title>
  <para>
    In this chapter, I will cover a number of topics that serve as necessary 
    background material for understanding the Terrainosaurus algorithm. First,   
    I will survey the history and state-of-the-art in virtual terrain, and 
    hilight several previous works that are especially similar to 
    Terrainosaurus. Finally, I will touch upon several auxillary topics that 
    are directly relevant to Terrainosaurus.
  </para>

  <section id="Previous Work">
    <title>Previous Work in Virtual Terrain</title>
    <para>
      In order to understand the contribution of Terrainosaurus to the field of 
      terrain generation, it is helpful to have a grasp of the scope of current  
      terrain generation literature and praxis. To this end, in this section, I 
      review the following topics:
      <itemizedlist>
        <listitem>
          a survey of different structures for representing terrain, with their 
          benefits and drawbacks
        </listitem>
        <listitem>
          a taxonomy of existing methods of generating terrain
        </listitem>
        <listitem>
          a discussion of level of detail issues in terrain generation
        </listitem>
        <listitem>
          a survey of existing software tools for terrain generation
        </listitem>
      </itemizedlist>
    </para>

    <section id="Terrain Representations">
      <title>Methods of Representing Terrain</title>
      <para>
        One of the most fundamental decisions to be made when using virtual 
        terrain is that of how to represent the terrain. The choice of data 
        structure will affect the set of tools available in our terrain 
        generation "toolbox", and may also limit the kinds of terrain features 
        that can be represented or the ways in which the terrain can be edited 
        and used. Some questions that must be answered include:
        <itemizedlist>
          <listitem>
            Does the terrain need to have infinite precision, such that it can 
            be viewed at any arbitrary scale, or is it acceptable to have a 
            finite, maximal resolution?
          </listitem>
          <listitem>
            Is it important to be able to represent terrain structures like 
            caves and overhangs, in which multiple surfaces have the same 
            horizontal coordinates, or is it OK to require that the terrain 
            surface obey the vertical line test at every point?
          </listitem>
          <listitem>
            Are the effects of planetary curvature important, or can they be 
            safely ignored?
          </listitem>
          <listitem>
            Is it important to be able to render the terrain surface and/or 
            collide objects with the terrain surface in an efficient manner?
          </listitem>
        </itemizedlist>
        In light of these considerations, we can compare the merits and 
        limitations of several alternative representations for terrain:
        <itemizedlist>
          <listitem>
            height fields
          </listitem>
          <listitem>
            voxel grids
          </listitem>
          <listitem>
            non-uniform meshes
          </listitem>
          <listitem>
            analytic and fractal functions
          </listitem>
        </itemizedlist>
      </para>

      <section>
        <title>Height Fields</title>
        <para>
          The terrain representation most widely used at the present time is 
          probably the <firstterm>height field</firstterm>. A height field 
          represents a surface as a scalar function of two variables, such that 
          the horizontal coordinate pair
          <inlineequation>
            <mml:math>
              <mml:mfenced separators=",">
                <mml:mi>x</mml:mi>
                <mml:mi>y</mml:mi>
              </mml:mfenced>
            </mml:math>
          </inlineequation> determines the elevation at that point.  While 
          there is nothing precluding the use of a continuous function, in 
          usual practice, this function is discretized at regular intervals in
          <inlineequation>
            <mml:math>
              <mml:mi>x</mml:mi>
            </mml:math>
          </inlineequation> and
          <inlineequation>
            <mml:math>
              <mml:mi>y</mml:mi>
            </mml:math>
          </inlineequation>, with
          <inlineequation>
            <mml:math>
              <mml:mi>x</mml:mi>
            </mml:math>
          </inlineequation> and
          <inlineequation>
            <mml:math>
              <mml:mi>y</mml:mi>
            </mml:math>
          </inlineequation> valid over a finite, rectangular domain, the width 
          and height of the height field (<xref linkend="Height Field 
            Equation"/>).
        </para>
        <equation id="Height Field Equation">
          <title>Height Field Equation</title>
          <mml:math>
            <mml:mi>h</mml:mi>
            <mml:mo>=</mml:mo>
            <mml:mi>f</mml:mi>
            <mml:mfenced separators=",">
              <mml:mi>x</mml:mi>
              <mml:mi>y</mml:mi>
            </mml:mfenced>
            <mml:mpadded lspace="10% width" width="+20% width">
              <mml:mrow>
                <mml:mn>0</mml:mn>
                <mml:mo>&le;</mml:mo>
                <mml:mi>x</mml:mi>
                <mml:mo>&lt;</mml:mo>
                <mml:mi>w</mml:mi>
              </mml:mrow>
              <mml:mo>,</mml:mo>
              <mml:mrow>
                <mml:mn>0</mml:mn>
                <mml:mo>&le;</mml:mo>
                <mml:mi>y</mml:mi>
                <mml:mo>&lt;</mml:mo>
                <mml:mi>h</mml:mi>
              </mml:mrow>
            </mml:mpadded>
          </mml:math>
          <!--xi:include href="resources/Height Field Equation.mml"/-->
        </equation>
        <para>
          This formulation leads to the familiar implementation of the height 
          field as a 2D array of scalar elevation values <xref linkend="Height 
            Field Image"/>.
        </para>
        <figure id="Height Field Image">
          <title>A Discrete Height Field</title>
          <mediaobject>
            <imageobject>
              <imagedata fileref="Height Field Wireframe.png"/>
            </imageobject>
          </mediaobject>
        </figure>

        <section>
          <title>Advantages of the Height Fields</title>
          <para>
            Once we observe that the discrete form of the height field is 
            essentially the same thing as a greyscale image, this quickly leads 
            us to the insight that computer vision and image processing 
            techniques may be used to construct, modify, anaylze, and compress 
            terrain models represented as height fields (for example, a rough 
            terrain could be made smoother by applying a standard gaussian blur 
            operation to it).
          </para>
          <para>
            A second advantage of the height field is that its regular 
            structure makes it possible to optimize operations like rendering, 
            collision-detection and path-finding. The rendering of even very 
            large height fields in real-time has been made feasible by the 
            invention of a number of <firstterm>continuous level of detail 
              (CLOD) algorithms</firstterm>, which render nearby areas of the 
            terrain with detailed geometry, using progressively simpler 
            geometry for more distant parts of the terrain <biblioref 
              linkend="ROAM"/> <biblioref linkend="Chunked LOD"/> <biblioref 
              linkend="Feature-based CLOD"/> <biblioref linkend="Geometry 
              Clipmaps"/>. Collision detection, an expensive operation in the 
            general case, can be done cheaply when one of the objects is a 
            height field since, given an
            <inlineequation>
              <mml:math>
                <mml:mfenced separators=",">
                  <mml:mi>x</mml:mi>
                  <mml:mi>y</mml:mi>
                </mml:mfenced>
              </mml:math>
            </inlineequation>
            location in the height field, only a few surrounding triangles need 
            to be checked for collision.
          </para>
          <para>
            A third advantage is that significant quantities of real-world 
            terrain data are available in height field form, making it the only   
            representation currently suitable for working with GIS data.
          </para>
        </section>

        <section>
          <title>Disadvantages of Height Fields</title>
          <para>
            The most fundamental disadvantage of the height field is that, 
            since surface elevation is a function of an
            <inlineequation>
              <mml:math>
                <mml:mfenced separators=",">
                  <mml:mi>x</mml:mi>
                  <mml:mi>y</mml:mi>
                </mml:mfenced>
              </mml:math>
            </inlineequation>
            coordinate pair, there must be exactly one elevation for every pair 
            of coordinates, and thus, a height field is inherently unable to 
            represent caves, overhangs, vertical surfaces, and other terrain 
            structures in which multiple surfaces have the same horizontal 
            coordinates. In practice, this limitation is often inconsequential, 
            since much terrain is fairly "well behaved" in this respect, and 
            the exceptional cases can be handled by modeling overlapping 
            structures as separate objects placed atop the terrain, though this 
            solution has an undesirable <foreignphrase>ad hoc</foreignphrase> 
            quality to it.
          </para>
          <para>
            A second disadvantage of the height field, when used in its usual, 
            discrete form, is that it has a finite resolution. As a result, 
            there may be visual artifacts during rendering if the height field 
            resolution is not fine enough for the particular application.
          </para>
          <para>
            A third disadvantage of the height field, if used to represent 
            terrain on a planetary scale, is that rectangular height field 
            patches do not map onto spheroid objects any better than textures 
            do.  If the standard, two-pole spherical projection is used to map 
            a height field to a spherical planet, the density of height field 
            points will be substantially greater around the poles than at the 
            equator.
          </para>
        </section>
      </section>

      <section>
        <title>Voxel Grids</title>
        <para>
          Another possibility for representing terrain is the height field's 3D 
          cousin, the <firstterm>voxel grid</firstterm>. A voxel grid is a 
          discrete, three-dimensional grid of <firstterm>voxels</firstterm> 
          (the volumetric equivalent of pixels), in which (in the simplest 
          case) each voxel is either filled or not. By selectively filling 
          voxels, one can create arbitrary 3D shapes.
        </para>

        <section>
          <title>Advantages of Voxel Grids</title>
          <para>
            The main advantage that voxel grids have over height fields is that 
            they are not constrained by the vertical line test, and can 
            represent vertical surfaces, overhangs, etc.
          </para>
        </section>

        <section>
          <title>Disadvantages of Voxel Grids</title>
          <para>
            Voxel grids inherit most of the problems of height fields, and add 
            several of their own. They share the height field's disadvantages 
            of having a finite resolution, and of not handling planetary 
            curvature gracefully. Rendering and collision detection are not 
            nearly as optimizable as with height fields, and more data must be 
            pushed to the graphics card for the same amount of rendered 
            horizontal area. Additionally, without the use of spatial 
            subdivision techniques (such as octrees), voxel grids are typically 
            very wasteful of memory (as large parts of the grid are occupied by 
            empty space or are buried deep underground).
          </para>
        </section>
      </section>

      <section>
        <title>Non-uniform Meshes</title>
        <para>
          A more general way of handling terrain is to represent the surface of  
          the terrain with an arbitrary mesh of polygons (or NURBS patches).  
          Meshes of polygons or NURBS surfaces are popular ways of modeling and 
          animating characters, and there are numerous tools available for 
          working with objects in this form.
        </para>

        <section>
          <title>Advantages of Meshes</title>
          <para>
            Completely arbitrary, comfortable mod. paradigm
            Variable detail
            CLOD is more difficult
            More difficult to automate?
          </para>
        </section>

        <section>
          <title>Disadvantages of Meshes</title>
        </section>
      </section>

      <section>
        <title>Fractal Functions</title>
        <para>
          A final possibility is to represent the terrain with one or more 
          mathematical equations. XXX
        </para>

        <section>
          <title>Advantages of Fractals</title>
          <para>
            Completely arbitrary, comfortable mod. paradigm
            Variable detail
            CLOD is more difficult
            More difficult to automate?
          </para>
        </section>

        <section>
          <title>Disadvantages of Fractals</title>
        </section>
      </section>

    </section>

    <section id="Taxonomy of Methods">
      <title>A Taxonomy of Terrain Generation Methods</title>
      <para>
        Terrain generation has not received nearly as much attention in the 
        literature as terrain LOD rendering has, with relatively few 
        innovations to date. The discussion of terrain generation in the 
        computer science literature dates back at least as far as 1977, to a 
        paper in which terrain created from simple, mathematical functions is 
        explored for computer simulations of military combat scenarios 
        <biblioref linkend="Combat Simulation"/>. Since that time, a variety of 
        methods have been proposed, generally falling into four broad 
        categories:
        <itemizedlist>
          <listitem>
            GIS-based methods
          </listitem>
          <listitem>
            Scuplting methods
          </listitem>
          <listitem>
            Simulation methods
          </listitem>
          <listitem>
            Procedural methods
          </listitem>
        </itemizedlist>
      </para>

      <section>
        <title>GIS-based Methods</title>
        <figure>
          <title>Typical Characteristics of GIS-based Methods</title>
          <mediaobject>
            <imageobject>
              <imagedata fileref="Stat Chart - GIS.png"/>
            </imageobject>
          </mediaobject>
        </figure>
        <para>
          The most obvious place to find natural-looking terrain data is in 
          nature itself. While not strictly a method of 
          <emphasis>generating</emphasis> terrain, using GIS data is a simple 
          and effective way of getting very realistic terrain models.  
          High-quality elevation maps (height fields) of the entire United 
          States (and some other parts of the world) can be downloaded or 
          ordered from a variety of GIS data providers (such as <citetitle>Geo 
            Community</citetitle> <biblioref linkend="GeoCommunity"/> and the 
          <citetitle>U.S. Geological Survey (USGS)</citetitle> <biblioref 
            linkend="USGS Maps"/>). These data are available in several formats 
          (with older elevation maps available in the DEM format <biblioref 
            linkend="DEM Specification"/> and more recent data available only 
          in the more complex SDTS format <biblioref linkend="SDTS 
            Specification"/>) and at resolutions as high as 3 meters per sample 
          in some cases (though resolutions of 10 and 30 meters per sample are 
          much more common).
        </para>
        <para>
          GIS data is ideal when the primary concern is realism, and is the 
          best or only option when an application wants to represent actual 
          real-world locations as faithfully as possible. Applications of this 
          sort include mapping software <biblioref linkend="ArcGIS"/> and 
          simulations <biblioref linkend="SimCity 4"/>, <biblioref linkend="FS 
            2004"/>. This approach has the advantage of producing a high degree 
          of realism with relatively little human effort.
        </para>
        <para>
          The major drawback to the use of GIS data is the constraint that it 
          imposes: only real-world locations that are present in a mapping 
          agency's database can be used. Thus, while little or no effort is 
          required to <emphasis>use</emphasis> GIS data in an application, 
          <emphasis>finding</emphasis> suitable data may be time-consuming or 
          simply impossible, depending on the needs of the application. For 
          many applications, this may unacceptably compromise artistic 
          objectives (e.g., a movie director may require a particular 
          arrangement of mountains and rivers) or other, more utilitarian goals 
          (e.g., the setting for a military simulation might require particular 
          terrain features). A secondary disadvantage of GIS-based methods is 
          the significant amount of space required to store large datasets.  
          Finally, the level of detail available through GIS sources is 
          limited; if a particular application requires finer-scale detail than 
          that offered by the data provider, one will have to resort to other 
          means for achieving it.
        </para>
      </section>

      <section>
        <title>Sculpting Methods</title>
        <figure>
          <title>Typical Characteristics of Sculpting Methods</title>
          <mediaobject>
            <imageobject>
              <imagedata fileref="Stat Chart - Sculpting.png"/>
            </imageobject>
          </mediaobject>
        </figure>
        <para>
          At the opposite end of the spectrum, in terms of human effort, is the 
          use of artistic tools to "paint" or "sculpt" the features of the 
          terrain.  In most cases, this means using computer-based modeling and 
          painting tools (such as Adobe Photoshop, Bryce 3D, or Maya) or 
          specialized "level editors" (such as those shipped with the recent 
          game titles <citetitle>SimCity 4</citetitle> <biblioref 
            linkend="SimCity 4"/> and <citetitle>Unreal Tournament 
            2004</citetitle> <biblioref linkend="UT 2004"/>). Less commonly, an 
          artist might create a model using traditional, physical media and 
          then digitize it using laser scanning techniques, as was done to 
          create the terrain for the video game title 
          <citetitle>Trespasser</citetitle> <biblioref linkend="Trespasser 
            Postmortem"/>.
        </para>
        <para>
          The primary advantage of sculpture-based methods is the enormous 
          freedom given to the artist. Anything an artist can imagine can be 
          created, given enough skill and effort.
        </para>
        <para>
          This strength is also its main drawback&em;achieving a desired result 
          with this method typically requires a large investment of human time 
          and effort. As the size of the virtual environment being created 
          increases, the cost of sculpting it manually increases accordingly, 
          making this method of terrain generation less and less feasible. A 
          second drawback of sculpture methods is that, more so than with other 
          methods, the quality of terrain produced is dependent on the skill of 
          the artist&em;this way of creating terrain is an art, acquired 
          through many hours of practice.
        </para>
      </section>

      <section>
        <title>Simulation Methods</title>
        <figure>
          <title>Typical Characteristics of Simulation Methods</title>
          <mediaobject>
            <imageobject>
              <imagedata fileref="Stat Chart - Simulation.png"/>
            </imageobject>
          </mediaobject>
        </figure>
        <para>
          Another family of terrain generation methods involves the evolution 
          of terrain by simulating the effects of physical processes such as 
          plate tectonics or erosion by wind or water <biblioref 
            linkend="Stream Erosion"/> <biblioref linkend="Eroded Fractal 
            Terrains"/> <biblioref linkend="Area51"/>.
        </para>
        <para>
          These methods have the potential to produce highly realistic results,  
          to the extent that they accurately model the physical processes they 
          are intended to simulate. They can also be very hands-off, requiring 
          little input from the user.
        </para>
        <para>
          One drawback of simulation methods is the amount of processing  time 
          required. In order for the simulation to produce realistic results, 
          it must run at sufficiently fine resolutions in space and time to 
          adequately capture the effects of these processes; as the resolution 
          of the simulation increases, so does the time required to run it. A 
          second drawback of such methods is the relative lack of user control: 
          since a simulation is intended to capture the effects of natural 
          processes, the role of the human user is limited to setting up the 
          initial conditions for the simulation and kicking it off&em;achieving 
          specific, user-specified effects may be difficult.
        </para>
      </section>

      <section>
        <title>Procedural Methods</title>
        <figure>
          <title>Typical Characteristics of Procedural Methods</title>
          <mediaobject>
            <imageobject>
              <imagedata fileref="Stat Chart - Procedural.png"/>
            </imageobject>
          </mediaobject>
        </figure>
        <para>
          The term "procedural methods" is used to describe a family of terrain 
          generation techniques whose unifying factor is that they produce a 
          terrain model through the application of some sort of automatic 
          "procedure". In most cases, this is an iterative process or recursive 
          subdivision operation that relies heavily on a random number 
          generator to produce irregular variations in the terrain surface.  
          Many of these techniques have little or no basis in physical reality, 
          and are simply "hacks" that have been found to work acceptably for 
          generating certain types of terrain. Some of the earliest discussions  
          in the literature focus on the creation of procedural methods for 
          approximating terrain <biblioref linkend="Combat Simulation"/> 
          <biblioref linkend="Procedure Models"/>.
        </para>
        <para>
          Some of the most popular procedural techniques are fractal in nature, 
          such as the midpoint displacement method (MPD) <biblioref 
            linkend="MPD Method"/> and Perlin's noise function <biblioref 
            linkend="Perlin Noise"/>.  These techniques exhibit the fractal 
          property of self-similarity at different scales, and generally 
          involve perturbing the height values of the terrain by increasingly 
          smaller amounts at increasingly finer scales. Prusinkiewicz &amp; 
          Hammel describe an interesting method for generating mountains with 
          an integrated river network that is entirely fractal in nature 
          <biblioref linkend="Mountains and Rivers"/>.
        </para>
        <para>
          A similar class of procedural techniques in common practice could be 
          described as "collaging" or "faulting" methods <biblioref 
            linkend="Area51"/>.  In these techniques, an irregular height field 
          is created through the random superposition of simple shapes, such as 
          spheres, cones, half-planes, or 2D trigonometric functions. After 
          several hundred to several thousand iterations, the result is a 
          random height field possessing similar curvature and smoothness 
          characteristics to the primitive shape, but without any of the 
          primitive shapes apparent in the terrain.
        </para>
        <para>
          Less frequently used are a family of "spectral synthesis" techniques, 
          which involve randomly or semi-randomly constructing a 
          frequency-spectrum representation (Fourier or wavelet space) of a 
          terrain and performing the inverse transform to produce a 
          spatial-domain terrain <biblioref linkend="Wavelet Synthesis"/> 
          <biblioref linkend="Spectral Synthesis"/>.
        </para>
        <para>
          Procedural methods for terrain generation are popular among artists 
          and game designers <biblioref linkend="Lighthouse 3D"/> <biblioref 
            linkend="Fluid Simulation"/>, largely because they are easy to 
          understand and implement. They also generate unique and (ideally) 
          interesting results each time, and can run with little or no human 
          input in many cases, making them useful for generating random game 
          worlds. If used in this way, the application need not store any 
          height field data on disk, since a new, unique terrain environment 
          can be constructed each time the application runs.
        </para>
        <para>
          The principal drawback of these methods is that they generally have 
          no causal connection to the real-world terrain they try to simulate, 
          instead bearing only an incidental resemblance (in other words, they 
          only happen to <emphasis>look</emphasis> terrain-like rather than 
          being somehow <emphasis>derived from</emphasis> actual terrain).  
          Because of this, most procedural methods are only useful for 
          simulating a limited range of terrain types. In addition, since the 
          procedural parameters do not typically correspond to real-world 
          terrain characteristics, achieving a desired effect is likely to be 
          an exercise in trial and error.
        </para>
      </section>
    </section>

    <section id="Level of Detail Considerations">
      <title>Level of Detail Considerations</title>
      <para>
        Another way of classifying terrain generation methods, essentially 
        orthogonal to the previous discussion, is with respect to how they 
        handle the subject of levels of detail.

        XXX

        Regardless of the method used to generate terrain, one cannot avoid 
        dealing with LOD issues to some degree.



        LOD is unavoidable because terrain is so large. Almost any application 
        dealing with terrain needs to handle different LODs, either via CLOD or 
        discrete LODs.

        The most naive treatment of LOD is to think of it simply as the an 
        upper limit on how fine a detail to view/represent. On this view, a 
        terrain is just something really big, and due to the viewer's 
        relatively small size, we can save rendering time by rendering far-away 
        details more simply. For just rendering terrain, this is usually all 
        that is needed. sculpting methods, since they place the creation of the 
        terrain almost entirely in the user's hands, can get away with playing 
        little attention to this aspect: the only time the user has to think 
        about LOD is in deciding how large to make his grid or how many polies 
        to use. In any case, it is entirely the user's job, so the modeling 
        tool can be fairly agnostic about LOD. Simulation, same thing -- the 
        user picks a resolution that is sufficient to get the fine deatils he 
        wants.

        With procedural methods, this is a different story. Alone among the 
        methods, procedural methods is the algorithm itself actually 
        constructing features. I guess you could say this of simulation too, 
        but...well, I dunno. Anyway...

        Terrain generation mechanisms that work on this naive level end up 
        being not very successful...essentially total black boxes, 
        uncontrollable. Collage/fault methods fall into this category. It's 
        basically just barely controlled randomness. It is difficult to see how 
        to make this sort of algo more controllable. You simply choose your the 
        resolution to run your algorithm at, and you take what you get.

        A more enlightened approach makes the observation that, since certain 
        features become indiscernable as we drop below a certain visible LOD, 
        we can consider these details as <emphasis>belonging</emphasis> to 
        those LODs, and construct them accordingly.

        One way to use this information is to consider think of the terrain as 
        being the summation (or superposition, in terms of wave theory) of a 
        number of different scales. Under this formulation, then, finer LODs 
        are created by layering additional fine-scale detail (i.e., higher 
        frequency, lower amplitude) atop the existing. One benefit of this is 
        that with an appropriate means for choosing the signal content at these 
        new, higher frequencies, the surface can be rendered to pixel-fine 
        detail (i.e., as fine as can be seen). perline noise does this. So does 
        MPD, in its own way. Any scale of HF can be made, starting coarse and 
        progressing.

        Another approach, similar in spirit, but nonetheless differn't, is to 
        subdivide, and replace with higher-freq. data. Nobody is actually doing 
        this--we're special in this respect.



        Any discussion of terrain generation methodologies would be incomplete 
        without devoting at least <emphasis>some</emphasis> space to the topic 
        of levels of detail. There are a number of reasons why one might want 
        to generate terrain at different levels of detail. (IN GENERAL, CLOD, 
        but here are some reasons for plain LOD...)
        
        <itemizedlist>
          <listitem> since scenes are blah blah...contrast CLOD w/ LOD
          </listitem>
          <listitem>
            lifhgt sims
          </listitem>
          <listitem>
            different target uses (background vs. explorable)
          </listitem>
          <listitem>
            CPU-friendly CLOD
          </listitem>
        </itemizedlist>
        Our approach naturally handles multiple, discrete levels of detail.  
        Because it's good. The 
      </para>
      <para>
        One problem that presents itself when generating terrain is that of how 
        to control the generation of features at different scales. While some 
        fractal algorithms (e.g., faulting &amp; collaging methods [XX]) work on 
        the full-resolution height field from the beginning...
        Working from the intuition that a height field can be viewed as the 
        superposition of features at a number of different scales, an obvious 
        approach is to construct the terrain at several different scales and then 
        to combine these in some way to produce the terrain height field. (Note 
        that in this case, the individual layers are not themselves the different 
        LODs of the terrain, as they contain ONLY the information at one 
        particular scale, whereas a terrain LOD contains the information across a 
        range of scales, up to some maximum degree of fine-ness).
      </para>
      <para>
        A number of fractal functions take exactly this approach, including the 
        midpoint displacement (MPD) method and Perlin's noise function, both of 
        which are well known to the graphics community. MPD is a subdivision 
        algorithm that works by making successively smaller random modifications 
        to the new elevation points that are added with each subdivision.  
        Perlin's noise function is a bit more general than MPD, but conceptually 
        very similar. One of the benefits of such a discrete-scale approach is 
        that it becomes possible to control the formation of features at one 
        scale separately from those at other scales.
      </para>

      <section id="Fractals and Not">
        <title>Fractals &amp; Non-fractals</title>
        <para>
          In his seminal work, <citetitle>The Fractal Geometry of 
            Nature</citetitle> <biblioref linkend="Mandelbrot"/>, Benoit 
          Mandelbrot observed that many objects in nature display the fractal 
          characteristic of being self-similar, regardless of the scale at 
          which they are viewed. For example, the small-scale variations in 
          elevation across a 1-meter square piece of mountainous terrain might,  
          if one zooms back far enough, happen to look quite similar to the 
          large-scale variations across the entire mountain range. This 
          observation has been applied to great effect in computer graphics, 
          with fractal functions being used as reasonable approximations of a 
          number of natural structures, both regular (e.g., plants) and 
          irregular (e.g., terrain).
        </para>
        <para>
          Randomized fractal algorithms are a convenient method of creating 
          irregular shapes across an entire range of scales. Because each 
          successively finer LOD has a defined relationship to the LOD 
          preceding it (modulo the effects of the random number generator), 
          fractal algorithms offer effectively unlimited amounts of detail: 
          when rendering a fractal surface, one can evaluate the fractal to 
          whatever degree of fineness the display system is able to show.
        </para>
        <para>
          But, as useful as the fractal approximation for terrain is, it cannot 
          tell the whole story&em;not all types of terrain exhibit conveniently 
          self-similar properties across all the levels of detail at which we 
          experience them. To see that this is the case, one need only consider 
          the diverse array of physical forces that interact to create 
          real-world terrain: plate tectonics, erosion due to wind and water, 
          earthquakes and avalanches, volcanic eruptions, and thermal expansion 
          (to name a few)&em;it is intuitively obvious that each of these 
          forces acts more noticeably  at some scales than at others. <xref 
            linkend="Cracked Mud"/> is a photograph, taken close-up, of cracked 
          mud that had formed at the bottom of a volcanic crater in the Death 
          Valley area; if a fractal relationship held between this bit of 
          terrain and its surrounding macro-environment, we would expect to 
          find it in the context of an area characterized by broad, flat mesas, 
          separated by narrow, severe ravines, not at the bottom of a 
          relatively shallow, sloping crater.
        </para>
        <figure id="Cracked Mud">
          <title>Cracked Mud</title>
          <mediaobject>
            <imageobject>
              <imagedata fileref="Cracked Mud.jpeg"/>
            </imageobject>
          </mediaobject>
        </figure>
        <para>
          Therefore, since fractal relationships cannot be trusted to hold in 
          the general case, any terrain generation algorithm that relies on 
          fractal behavior is inherently limited&em;there will be types of 
          terrain (probably <emphasis>many</emphasis> types of terrain) that it 
          will be unable to reproduce. Any terrain generation algorithm that 
          aims to support an unlimited set of terrain types must allow for the 
          possibility of non-self-similar terrain.
        </para>
        <para>
          This leads to the observation that fractal terrain generation 
          algorithms are simply a special case of a more general class of 
          multi-scale, not-necessarily-fractal algorithms. Given the question, 
          "what should the terrain look like at this scale?", fractal 
          algorithms answer, "just like the larger scale, but smaller." This is 
          a simple way of generating terrain across multiple LODs, but it is 
          not the only way, and probably not the best way. Part of the goal of 
          Terrainosaurus is to give an alternative answer to this question, one 
          that is more true to reality.
        </para>
      </section>
    </section>

    <section id="Existing Tools">
      <title>Existing Tools for Terrain Generation</title>
      <para>
        While the list of terrain generation engines is too large to be 
        reviewed exhaustively, it is worthwhile to make note of a 
        representative sample of the more prominent of these. Most of these 
        applications permit the use of more than one of the above techniques as 
        a way of mitigating some of the weaknesses of each.
      </para>

      <section>
        <title>Terragen</title>
        <para>
          Terragen is a well-known terrain generation and rendering tool, 
          developed by Planetside Software, free for non-commercial use. It 
          provides several fractal functions for generating terrains and also 
          provides a simple set of sculpting tools for modifying the resultant 
          height fields. It offers an integrated ray tracing engine including 
          some very nice cloud, water, and atmospheric lighting effects, and 
          has a significant artistic community <biblioref linkend="Terragen"/>.
        </para>
      </section>

      <section>
        <title>MojoWorld</title>
        <para>
          MojoWorld is a set of applications for creating and exploring fractal 
          worlds. MojoWorld Transporter is a free program for exploring the 
          worlds created by the commercial product, MojoWorld Generator. Unlike 
          fractal/sculpting height field generators, MojoWorld handles fractal 
          objects in symbolic form, allowing entire worlds to be viewed at 
          infinite levels of detail and stored in relatively small files 
          <biblioref linkend="MojoWorld"/>.
        </para>
      </section>

      <section>
        <title>Bryce 3D</title>
        <para>
          Bryce 3D is a general-purpose 3D modeling and animation tool, but is 
          best known for its terrain modeling capabilities. It offers a full 
          set of painting tools for generating and editing height field-based 
          terrain objects, including the ability to use Adobe Photoshop image 
          filters <biblioref linkend="Bryce 3D"/>.
        </para>
      </section>

      <section>
        <title>World Machine</title>
        <para>
          World Machine is a procedural height field generation tool, free for 
          non-commercial use. Its most interesting aspect is that it treats the 
          terrain creation process as composed of simple "device" primitives 
          (e.g., Perlin noise generator, Gaussian blur filter, etc.) which the 
          user can connect to form a "machine" (a directed acyclic graph) that 
          will produce the height field. The main benefit of this approach over 
          a more traditional fractal/sculpting approach is that since the 
          series of operations is preserved as a DAG, the user is free to tweak 
          any parameter of any operation at any time, as opposed to having to 
          commit to a particular filter size or random seed at the outset 
          <biblioref linkend="World Machine"/>.
        </para>
      </section>

    </section>
  </section>

  <section>
    <title>Other Similar Works</title>
    <para>
      In the course of reviewing the literature, several papers were 
      encountered that were especially similar to Terrainosaurus (in spirit, at 
      least, if not in application).
    </para>
    <para>
      XXX Procedural generation of Cities
    </para>
    <para>
      Positive Wavelet Decomposition
    </para>
    <para>
      Detecting Ice
    </para>
    <para>
     Pelton &amp; Atkinson describe a more sophisticated approach, in which the 
     wavelet-space coefficients are probabilistically chosen according to the 
     frequency histogram of a GIS elevation map whose characteristics they are 
     trying to replicate.  They note that their approach is successful at 
     creating a unique height field with similar roughness characteristics to 
     the original, but that it fails to capture semantic features, specifically 
     riverbeds <biblioref linkend="Wavelet Synthesis"/>.
   </para>
  </section>

  <section>
    <title>Other Topics</title>
    <para>
      Having surveyed the landscape of terrain-related literature (pun 
      intended), there still remain a few topics that must be covered to 
      adequately set the stage for the Terrainosaurus algorithm:
      <itemizedlist>
        <listitem>
          genetic algorithms
        </listitem>
        <listitem>
          computer vision
        </listitem>
        <listitem>
          descriptive statistics
        </listitem>
      </itemizedlist>
    </para>

    <section>
      <title>Genetic Algorithms</title>
      <para>
        Unfortunately, many of the more interesting problems in computer 
        science fall into the class of "NP hard" problems, and become 
        intractably difficult to solve as the size of the problem increases 
        <biblioref linkend="Algorithms"/>. In these problems, it is often not 
        feasible to find a perfect solution, and approximation techniques must 
        be used. A <firstterm>genetic algorithm (GA)</firstterm> is one such 
        type of techniques.
      </para>
      <para>
        Conceptually, a genetic algorithm tries to evolve better and better 
        solutions to its problem through mutation and "breeding".  In GA terms, 
        a single possible solution within the solution space of the problem is 
        called an <firstterm>individual</firstterm> or a 
        <firstterm>chromosome</firstterm>. A <firstterm>fitness 
          function</firstterm> provides an evaluation of how good a solution 
        any particular individual is, expressed as a scalar value. As the GA 
        iterates, new potential solutions to the problem are explored by taking 
        the more "fit" of the existing individuals and combining parts of them 
        (their <firstterm>genes</firstterm>) to create new individuals having 
        characteristics of both "parents". By iteratively evolving a 
        <firstterm>population</firstterm> (set of individuals) of some fixed 
        size, the GA explores the solution space in a parallel fashion.  
        Hopefully, after some reasonable number of iterations, the most "fit" 
        of the individuals in the final population will be fairly close to an 
        optimal solution <biblioref linkend="Genetic Algorithms"/>.
      </para>
      <para>
        In order to adapt a GA to solve a particular problem, we must define 
        three basic things:
        <itemizedlist>
          <listitem>
            a modular, genetic encoding for candidate solutions
          </listitem>
          <listitem>
            crossover and mutation operators to work on this genetic 
            representation
          </listitem>
          <listitem>
            a fitness function for evaluating the "goodness" of a particular 
            candidate solution
          </listitem>
        </itemizedlist>
      </para>
      <para>
        My approach to terrain generation uses genetic algorithms at two stages. 
        An appropriately designed fitness function will be able to discriminate 
        between plausible, natural-looking terrains and those which do not appear 
        natural. By incorporating this fitness evaluation as a sort of 
        intelligent feedback loop in the generation process, I expect to be able 
        to synthesize new, unique terrain models that still maintain the 
        qualities of the original GIS data.
      </para>
    </section>

    <section>
      <title>Computer Vision</title>
      <para>
        <firstterm>Computer vision</firstterm> is the branch of computer science 
        concerned with processing images to recover a conceptual representation 
        of the objects present within those images. Computer vision techniques 
        are useful in a number of areas, especially robotics and augmented 
        reality (AR) applications. In Terrainosaurus, feature detection 
        techniques are used in the analysis of terrain height fields, to find the 
        location, size, and scale of peaks, ridges and other geometric features 
        of the terrain.
      </para>

      <section>
        <title>Scale-space Feature Detection</title>
        <para>
          The scale used to look for features is generally critical to the 
          performance of the detector; if the features present in the image are 
          larger or smaller than the optimal scale for the detector, it may 
          respond to their presence weakly or not at all. Unfortunately, in many 
          computer vision applications, the possible scales at which features may 
          appear are unknown. If this is the case, then a 
          <firstterm>scale-space</firstterm> feature detection algorithm may be 
          used to search for features across a range of scales. Scale-space 
          algorithms work by:
          <orderedlist>
            <listitem>
              generating the scale-space representation of the image, by 
              convolving the image with successively larger Gaussian blobs. This 
              results in a 3-dimensional image, in which the added dimension 
              represents scale; as the scale parameter increases, fine-scale 
              image details disappear, leaving only the larger-scale shapes.
            </listitem>
            <listitem>
              running the feature detector over every pixel in the scale-space 
              image
            </listitem>
            <listitem>
              finding locations within the image at which the detector response 
              is maximal. Finding the maxima in the X and Y dimensions gives us 
              the locations of the detected features, while finding the scale at 
              which each is maximized gives us an estimate of the size of the 
              feature.
            </listitem>
          </orderedlist>
          If the only benefit of scale-space detectors over single-scale 
          detectors were that features can be detected at multiple scales, then
          this would not be much of an improvement, as this can also be 
          accomplished by running a single-scale detector multiple times, at 
          several different scales. But since scale-space detectors are able to 
          consider multiple scales simultaneously, a "long" feature (such as an 
          edge or ridge) can be recognized as a single feature, even if it 
          changes scale multiple times along its length; a multi-pass, 
          single-scale detector would register multiple, partially overlapping 
          features in such a case. As a result, a scale-space detector will 
          report fewer features (and generally, more meaningful ones).
        </para>
      </section>
    </section>

  </section>

</chapter>

<!--
    <section>
      <title>Pattern Analysis</title>
      <para>
        Pattern analysis techniques are useful for situations in which software 
        must make decisions based on the characteristics of real-world data (in 
        our case, the measurable characteristics of real-world terrain data).  
        Pattern analysis techniques will be used in Terrainosaurus to help 
        determine which characteristics of a terrain are "important", which, in 
        turn, will help in evaluating how "good" a generated terrain is.
      </para>

      <section>
        <title>Fisher's Linear Discriminant</title>
        <para>
          Applying pattern analysis techniques to solve a problem may be 
          difficult if the dimensionality of the feature space is high. Each 
          additional feature adds another degree of freedom to the problem, and 
          many pattern analysis techniques are increase in ???, a phenomenon 
          known as <firstterm>the curse of dimensionality</firstterm>.  
          <firstterm>Dimensionality reduction</firstterm> techniques solve this 
          problem by transforming the M-dimensional feature space into an 
          N-dimensional space (MML: N &lt; M) that maximizes some criterion; the 
          analysis can be performed in this reduced space.
        </para>
        <para>
          <firstterm>Fisher's Linear Discriminant (FLD)</firstterm> is one such 
          method of dimensionality reduction, in which class separation is 
          maximized.  More should be said here.
            definition of separability (Sw &mp; Sb)
        </para>
        <para>
          While this (MML: C - 1) dimensional projection space can be used for 
          classifying future examples into one of the (MML: C) classes (using a 
          <firstterm>k nearest neighbors</firstterm> classifier, for example), 
          the separability measure can also be used as an indication of how 
          effective a particular set of features are at separating the classes.
        </para>
      </section>

      <section>
        <title>Feature Selection</title>
        <para>
          A related problem is that of <firstterm>feature selection</firstterm>, 
          identification of a subset of the available features that maximize some 
          objective function. Selection of a small subset of the best features is 
          often important in practice, for a number of reasons. For example, when 
          building a classifier, one might want to evaluate a large number of 
          possible features, even though in the final implementation only a few 
          of these features will actually be used. Performance limitations and/or 
          economic factors may restrict the number of features that can be used 
          in an application, and pattern analysis techniques such as FLD require 
          a number of examples per-class in proportion to the number of features 
          used&em;using a large number of features means that many examples must 
          be collected in order for the analysis to work.
        </para>
        
        <section>
          <title>Naïve Selection</title>
          <para>
            A simple method of choosing a subset of features is simply to 
            evaluate each feature independently according to its objective 
            function response: "better" features produce a closer-to-optimal 
            value of the objective function than "worse" features.
          </para>
          <para>
            While this works well for identifying the single, "best" feature, it 
            is not generally successful at finding optimal combinations of 
            features. This is because the various features are not, in general, 
            independent of one another, and so the objective function response 
            that each produces independently may be a very poor estimate of 
            disriminating power of the combination. (SVG: graphic from RG's 
            notes). Obviously, something else is needed that accounts for the 
            possible dependencies within the feature set.
          </para>
        </section>

        <section>
          <title>Forward Sequential Search</title>
          <para>
            Finding the optimal set of features is a hard problem. Since the 
            degree of dependence among features is not generally known, it is 
            difficult or impossible to know <foreignphrase>a 
              priori</foreignphrase> how much (if any) additional discriminatory 
            capability will be gained by adding a particular feature to the set 
            of selected features. If the available feature set is small, then the 
            problem can be solved by an exhaustive search of all possible 
            combinations. But if there are many features, this is not generally 
            feasible, so some method of approximating this is needed.
          </para>
          <para>
            <firstterm>Forward sequential search (FSS)</firstterm> is one such 
            method, with a worst-case performance of (MML: O(n^2)), and is 
            sufficient in many cases.  FSS is an iterative search method that 
            employs a greedy strategy: starting from the empty set, at each 
            iteration, add the feature that <emphasis>most improves</emphasis> 
            the objective function response of the set of selected features.
          </para>
        </section>
      </section>
    </section>
    -->
