<?xml version="1.0" encoding="UTF-8" standalone="no"?>
<!-- vim: set filetype=docbkxml encoding=utf8: -->

<!DOCTYPE chapter PUBLIC "-//Ryan//DTD DocBook XML-MathML-SVG V4.3//EN"
  "file:///c:/Documents and Settings/Taliesen/Desktop/Ry's Stuff/DocBook/docbook-mathml-svg.dtd">

<!--
Running times
Terrains analyzed
Feature weights
-->
<chapter id="Discussion">
  <title>Discussion</title>

  <para>
    Contributions of this work -- or does this go in concl.?
  </para>

  <section>
    <title>Boundary Refinement</title>
    <para>
      The boundary refinement operation offers the user a simple means of 
      creating irregular boundaries between regions of terrain, without having 
      to draw every bend in the curve by hand. In many (if not most) cases, 
      this amount of control is sufficient for the user's needs. It is also a 
      very fast computation (refining the boundaries for an entire map is 
      virtually instantaneous from the user's point of view, using 20 evolution 
      cycles and a population size of 5 for the GA).
    </para>
    <para>
      There are, however, several aspects that deserve some additional 
      discussion.
    </para>

    <section>
      <title>The Accumulated Angle Constraint</title>
      <para>
       One item of interest regarding this operation is the global constraint 
       we impose, that the absolute angle is not allowed to exceed a certain 
       threshold at any point. This was found to be necessary in order to force 
       the boundary to progress in a semi-linear fasion. Without this 
       constraint it is very possible for the curve to double back on itself, 
       especially if the smoothness parameter is low (thus allowing sharper 
       turns with each segment). This is problematic for a number of reasons.
      </para>
      <para>
        First of all, it is easy for the curve to intersect itself, producing 
        loops in the boundary. We consider this behavior to be undesirable, 
        since it effectively creates additional regions, and it is not 
        completely clear which of the two adjacent terrain types should fill 
        the new regions.
      </para>
      <para>
        Second, it is possible for the generated start and end points to be 
        very near to each other (i.e., the boundary wanders far away, but ends 
        up near the place from which it started). Such a boundary is a very 
        poor approximation of the original. But worse still, a generated 
        boundary with this characteristic will have to be scaled enormously in 
        order to get the start and end points to line up with the original 
        boundary. The result of this is that the boundary will be magnified to  
        absurd proportions, as compared to the rest of the map, and will 
        probably also intersect several nearby boundaries.
      </para>
      <para>
        A third problem, related to the previous two, is that as the refined 
        boundary becomes less linear, the scale factor needed to bring the end 
        points into alignment increases. As the scale factor increases, the so 
        do the lengths of the line segments that make up the boundary, thereby 
        thwarting one of the objectives of the boundary refinement operation.
      </para>
      <para>
        These problems are all prevented or minimized by the global constraint 
        on accumulated angle. Unfortunately, this simplification also excludes 
        certain, valid boundary shapes, in much the same way that height field 
        cannot represent certain, valid terrain features, such as overhangs.  
        Thus, it would be nice to be able to lift this restriction, but in 
        order to do this, we would need some other way of avoiding the 
        aforementioned problems; this is an area for future work.
      </para>
    </section>

    <section>
      <title>Smoothness and Level-of-Detail</title>
      <para>
        Another topic worth discussing is the effect of the smoothness 
        parameter. In order to keep the curve well-behaved, both locally and at  
        larger scales, we evaluate its fitness at several levels of detail, 
        using the same smoothness value. Thus, the generated curves will 
        display similar behavior at several scales (i.e., they are 
        fractal-like). As a result, the operation is somewhat limited in the 
        kinds of boundaries it can produce: rough, meandering boundaries and 
        smooth, straight boundaries are both possible, but smooth, meandering 
        boundaries are not (since this would imply sharper turns at larger 
        scales and softer turns at finer scales). This behavior could be made 
        more controllable with the introduction of additional smoothness 
        parameters for coarser levels of detail, though the additional 
        complexity might not be worth the added benefit.
      </para>
    </section>

    <section>
      <title>Additional Constraints</title>
      <para>
        As mentioned previously, one of the benefits of a genetic algorithm is 
        its flexibility. While the only constraint currently imposed on the 
        generated boundaries is that they have a user-specified, characteristic 
        smoothness, it would be relatively straightforward to incorporate 
        additional constraints into the fitness evaluation, such as:
        <itemizedlist>
          <listitem>
            In addition to matching the locations of the endpoints of the 
            original boundary, the refined boundary should also match specific 
            angles at the endpoints. This would make it possible to eliminate 
            sharp "corners" from regions.
          </listitem>
          <listitem>
            The refined boundary should not intersect other, nearby boundaries.
          </listitem>
          <listitem>
            The refined boundary should not have any self-intersections, nor 
            should it end near to where it began. This would help to address 
            the problems discussed in the previous section about the global 
            constraint on the accumulated angle.
          </listitem>
          <listitem>
            The refined boundary should remain within a user-defined 
            "envelope". This would provide the user with additional control 
            over the shape of the boundary.
          </listitem>
        </itemizedlist>
      </para>
    </section>

  </section>

  <section>
    <title>Terrain Library Analysis</title>
    <para>
      Things this is good at analyzing...and things its not

      The importance of classifying well, or "why my library initially sucked"
      The not-so-importance of separating TTs
        the problem of separability

      Samples that were rejected: multi-TT, water
      why FFT is crummy

      Matlab, my friend

      Other things that didn't work:
          concatenate the histograms, evaluate how it change the distro
          this was a nice idea, except totally flawed, since this would 
          frequently produce a multi-modal distro -- gives enormous weight to 
          the mean

          KS -- never actually tried this
    </para>
  </section>

</chapter>
