<?xml version="1.0" encoding="UTF-8" standalone="no"?>
<!-- vim: set filetype=docbkxml encoding=utf8: -->

<!DOCTYPE chapter PUBLIC "-//Ryan//DTD DocBook XML-MathML-SVG V4.3//EN"
  "file:///c:/Documents and Settings/Taliesen/Desktop/Ry's Stuff/DocBook/docbook-mathml-svg.dtd">


<chapter id="Implementation">
  <title>Implementation</title>
  <para>
    This chapter servers the dual purposes of explaining the architecture of 
    the current implementation of Terrainosaurus and of providing some advice 
    on how to address some of the design decisions and implementation details 
    that arise. Thus, the content of this chapter will be of use, both to a 
    developer trying to understand the source code for the current 
    implementation, and to a developer considering implementing the 
    Terrainosaurus algorithm from scratch.
  </para>

  <section>
    <title>Technologies</title>
    <para>
      The Terrainosaurus algorithm could be implemented in any number of 
      programming languages, and using a wide variety of commercial 
      proprietary, free open-source, and home-grown libraries. While these 
      decisions are ultimately up to the programmer(s) implementing the 
      algorithm, it may be productive to consider the decisions made in the 
      design of the current implementation, and the reasons for 
      them.
    </para>

    <section>
      <title>Programming Language</title>
      <para>
        The current implementation of Terrainosaurus was developed in C++, with 
        heavy reliance on the Standard Template Library (STL) and a number of 
        the Boost libraries. C++ was selected for a number of reasons, 
        including the following:
        <itemizedlist>
          <listitem>
            C++ supports both object-oriented and generic programming 
            paradigms, both of which are heavily utilized throughout 
            Terrainosaurus
          </listitem>
          <listitem>
            C++ gives the programmer a great deal of freedom in managing 
            resources (such as memory), and typically does not incur the cost 
            of compiler-generated run-time checks, meaning that a carefully 
            written program can be very fast. Languages such as C# and Java 
            provide nice additional features (run-time array bounds checking, 
            garbage collection, etc.), but these come at the cost of run-time 
            performance; thus, a well-written C++ program will always be faster 
            than an equivalent program in C# or Java.
          </listitem>
          <listitem>
            Good compilers for C++ exist for all major computing platforms, 
            most notably Microsoft's compiler for the Win32 platform and GCC 
            for the many UNIX variant platforms.
          </listitem>
          <listitem>
            Third-party libraries, of both the commercial and free varieties, 
            are widely available for C++, solving a diverse spectrum of 
            problems.
          </listitem>
        </itemizedlist>
      </para>
      <para>
        Another potential platform for implementing Terrainosaurus is as an 
        extension to a general-purpose numeric processing application, such as 
        Matlab or its free cousin, Octave. Matlab provides native 
        implementations of mathematical constructs like vectors and matrices, 
        has a graphical user interface, and has an impressive array of add-on 
        "toolboxes" providing additional functionality, including statistical 
        analysis, image processing, and pattern analysis. Because Matlab is an 
        interpreted language it is especially useful for rapid prototyping of 
        algorithms.
      </para>
      <para>
        Although it was considered, Matlab was ultimately rejected as a 
        development platform, for two main reasons.
        <orderedlist>
          <listitem>
            Matlab is a commercial product; if implemented as a Matlab toolbox, 
            Terrainosaurus would only be usable by persons having access to a 
            copy of Matlab. A person interested in modeling terrain is not 
            especially likely to be a Matlab user.
          </listitem>
          <listitem>
            Matlab's programming language does not provide sufficient 
            facilities for modularization, type safety, and code reuse to make 
            development of a medium- to large-scale application feasible.
          </listitem>
        </orderedlist>
      </para>
    </section>

    <section>
      <title>Graphics API</title>
      <para>
        OpenGL was chosen as the 3D rendering API, because it is available on 
        all major platforms, and because it is the technology with which I am 
        most familiar. Another immediate-mode rendering API (such as DirectX) 
        could be used just as easily.
      </para>
      <para>
        Another possibility for displaying the results is to implement an 
        interface to one of the commercially available modeling and rendering  
        systems (e.g., Maya, 3D studio).  Then, rather than being rendered 
        directly, the results would be used to instantiate objects in the 
        modeling system's scene graph. In this way, one could get high-quality 
        rendering support "for free".
      </para>
    </section>
  </section>

  <section>
    <title>Supporting Libraries</title>
    <para>
      While almost any needed functionality could, in principle, be implemented 
      directly in C++, this is wasted effort when there already exist mature, 
      freely available C/C++ libraries and tools providing good solutions for 
      these problems. In order to simplify the development process, third-party 
      libraries were used wherever possible, as long as the following things 
      were true:
      <orderedlist>
        <listitem>
          The library is fairly mature, providing a robust, full-featured 
          solution to the problem domain it addresses. Incomplete and 
          alpha-quality libraries are not desired.
        </listitem>
        <listitem>
          The library has adequate documentation, and is under active 
          development/maintenance. This gives some degree of confidence that 
          the developers of the library are committed to its continued 
          existence and improvement.
        </listitem>
        <listitem>
          The library is cross-platform, and does not have dependencies on 
          proprietary libraries. This keeps Terrainosaurus from being bound to 
          a particular operating system variant.
        </listitem>
        <listitem>
          The library is distributed under fairly liberal licensing terms. A 
          "do (mostly) whatever you want" style license, such as the Apache 
          foundation license XXX or the LGPL is preferable, but a GPL'd library  
          was considered acceptable if it is also available under a commercial 
          license. This leaves open the possibility of future commercial 
          development.
        </listitem>
      </orderedlist>
    </para>

    <section>
      <title>File Parsing</title>
      <para>
        For research prototype software and other non-commercial projects, it 
        may be sufficient to hard-code configuration constants and algorithm 
        parameters directly into the source code. But software intended for 
        wider use generally needs to be able to accept configurable parameters 
        from data files, and should do so in a robust way (i.e., a malformed 
        data file should not cause the application to segfault).
      </para>
      <para>
        Writing robust file parsing code can be both difficult and tedious, so 
        some sort of higher-level solution is desirable. ANTLR <biblioref 
          linkend="ANTLR"/> is tool that allows a developer to write a 
        description of the grammar for his file format and generates Java, C#, 
        C++, or Python code to parse files in that format. The generated code 
        is human readable (unlike that produced by other tools like yacc), and 
        generates fairly good error messages for  malformed files.  Once 
        familiar with ANTLR, a developer can modify or extend the format of the 
        file with very little effort.
      </para>
    </section>

    <section>
      <title>Fourier Transform</title>
      <para>
        In constructing the scale-space representation of a height field (or 
        any image, for that matter), it is necessary to convolve the height 
        field with gaussian filters of various sizes. As the size of the filter 
        increases, the convolution becomes more and more computationally 
        expensive to perform in the spatial domain. Fortunately, convolution of 
        two images in the spatial domain corresponds to ordinary, element-wise  
        multiplication of their frequency domain representations, and does not 
        increase in computational cost as the filter size grows. Therefore, if 
        the amount of convolution is large enough, the computational savings of 
        performing the convolution in the frequency domain will more than 
        offset the expense of the forward and inverse Fourier transform, for a 
        net increase in speed.
      </para>
      <para>
        Writing an efficient discrete Fourier transform (DFT) implementation 
        can be a bit tricky&em;indeed, a research area in its own right.
        Fortunately, a very complete and highly optimized C library exists for 
        performing many variations on the DFT, called FFTW (the "Fastest 
        Fourier Transform in the West") <biblioref linkend="FFTW"/>. FFTW is 
        available from the Massecheusetts Institute of Technology under both 
        the GPL and a commercial license.
      </para>
    </section>
  </section>

  <section>
    <title>Application Architecture</title>
    <para>
      Intro
    </para>

    <section>
      <title>Map</title>
      <itemizedlist>
        <listitem>
          Vectorized map can be 2D poly mesh
Map:
    connected topological mesh of polygons, can use conventional poly-mesh 
    tools, 'cept restricted to 2D, non-convex. How to rasterize this.
      tools: create vertex, delete vertex, create edge, create face
        </listitem>
        <listitem>
OpenGL can be used to rasterize, assuming you've got polies already
        </listitem>
      </itemizedlist>
    </section>

    <section>
      <title>Terrain Library</title>
      <itemizedlist>
        <listitem>
          Discrete, pwr of 3 LODs
        </listitem>
        <listitem>
          Multirez object tying everything together
        </listitem>
        <listitem>
          lazy analysis, caching
        </listitem>
        <listitem>
          calculate local props
          separable filter for calculating locals
        </listitem>
      </itemizedlist>
    </section>

    <section>
      <title>Statistics Collection</title>
      <itemizedlist>
        <listitem>
          why build an object?
        </listitem>
        <listitem>
          distr matcher, PDF, CDF objects
        </listitem>
      </itemizedlist>
    </section>

    <section>
      <title>Feature Analysis</title>
      <itemizedlist>
        <listitem>
          pwr of 3 LODs limits to-search scales
        </listitem>
        <listitem>
          scale-space search, as a marching cubes problem
        </listitem>
        <listitem>
          convolution in Fourier domain, FFTW
        </listitem>
      </itemizedlist>
    </section>

    <section>
      <title>File I/O</title>
      <itemizedlist>
        <listitem>
          centralized clearinghouse for data files: can manage caching of 
          results, default directories
        </listitem>
        <listitem>
          lazy loading and analysis
        </listitem>
        <listitem>
          .map ~= .obj
        </listitem>
        <listitem>
          .ttl ~= .ini
        </listitem>
        <listitem>
          .dem is bulky but readable. SDTS sucks.
          Commercial deployment => .zip archive
          make sure to trim non-rectangular DEM
          tools to translate these things
        </listitem>
      </itemizedlist>
    </section>

    <section>
      <title>Genetic Algorithm Framework</title>
      <para>
        Because GAs are used in multiple places in Terrainosaurus, it is to our 
        advantage to write the GA code in a reusable manner and then to 
        specialize it as needed for each of the GAs. To do this, however, is 
        slightly more complicated than just writing library functions, since 
        the parts of the algorithm that need to be specialized are embedded 
        deep within the algorithm.
      </para>
      <para>
        This pattern of interaction between the reusable and 
        application-specific parts of the code is commonly referred to as a 
        <firstterm>framework</firstterm>. Frameworks can be implemented in a 
        structured programming language through the use of callback functions 
        (the GLU polygon tessellator code is an example of this); but 
        object-oriented constructs (particularly inheritance and polymorphism) 
        make framework implementation much simpler and cleaner. The usual 
        method of creating a framework is for the 
        <firstterm>hotspots</firstterm> (application-specific parts of the 
        framework) to be implemented as abstract interfaces, and the rest of 
        the framework is implemented in terms of these abstract objects. Then, 
        to specialize the framework for a particular application, all that a 
        developer needs to do is to create application-specific objects to fit 
        into those hotspots.
      </para>
      <para>
        The GAs in Terrainosaurus are implemented using a generic GA framework 
        that could easily be reused in a wide variety of applications. The main 
        class in this GA framework is the 
        <ooclass><classname>GeneticAlgorithm</classname></ooclass>, which takes 
        the <ooclass><classname>Chromosome</classname></ooclass> class as a 
        template parameter. The only requirement on the 
        <ooclass><classname>Chromosome</classname></ooclass> is that it must 
        have an internal type (an inner class or a <code>typedef</code>) called 
        <ooclass><classname>Gene</classname></ooclass>, the type of the gene 
        corresponding to the chromosome.
      </para>
      <variablelist>
        <para>
          The <ooclass><classname>GeneticAlgorithm</classname></ooclass> 
          defines a set of abstract operator classes, which should be 
          subclassed in order to implement application-specific functionality:
        </para>
        <varlistentry>
          <term>
            <ooclass><classname>InitializationOperator</classname></ooclass>
          </term>
          <listitem>
            an operator taking a reference to a 
            <ooclass><classname>Chromosome</classname></ooclass>, performing 
            some arbitrary initialization on it. Initialization operators are 
            called to initialize new chromosomes as they are introduced into 
            the population (e.g., to replace those that were killed off in 
            the previous evolution cycle). 
          </listitem>
        </varlistentry>
        <varlistentry>
          <term>
            <ooclass><classname>CrossoverOperator</classname></ooclass>
          </term>
          <listitem>
            an operator taking two references to 
            <ooclass><classname>Chromosome</classname></ooclass>s, performing 
            some sort of exchange of genetic material between them. The 
            probability of a crossover operator being called on a chromosome 
            is controlled by the 
            <ooclass><classname>GeneticAlgorithm</classname></ooclass>'s 
            <code>crossoverProbability</code> parameter.            
          </listitem>
        </varlistentry>
        <varlistentry>
          <term>
            <ooclass><classname>MutationOperator</classname></ooclass>
          </term>
          <listitem>
            an operator taking a reference to a 
            <ooclass><classname>Gene</classname></ooclass>, performing some 
            arbitrary mutation on it. The probability of a mutation operator 
            being called on a gene is controlled by the 
            <ooclass><classname>GeneticAlgorithm</classname></ooclass>'s 
            <code>mutationProbability</code> parameter.
          </listitem>
        </varlistentry>
        <varlistentry>
          <term>
            <ooclass><classname>FitnessOperator</classname></ooclass>
          </term>
          <listitem>
            an operator taking a reference to a 
            <ooclass><classname>Chromosome</classname></ooclass>, calculating 
            a fitness value (a scalar in the range [0,1]) for the chromosome.
          </listitem>
        </varlistentry>
      </variablelist>
      <para>
        A <ooclass><classname>GeneticAlgorithm</classname></ooclass> must have 
        <emphasis>at least</emphasis> one initialization operator and one 
        fitness operator, but it may have as many operators of each type as 
        desired, and my optionally assign a weight to each registered operator.  
        For the initialization, crossover, and mutation operators, these 
        weights are used to construct a cumulative probability distribution 
        function, which is then used to select which of the available operators 
        is used (with probabilistic preference given to operators with higher 
        weights). In the case of the fitness operators, 
        <emphasis>each</emphasis> registered operator is invoked on the 
        chromosome, and the weights are used to determine how significant each 
        fitness component is to the overall fitness calculation.
      </para>
    </section>
  </section>

</chapter>
