<?xml version="1.0" encoding="UTF-8" standalone="no"?>
<!-- vim: set filetype=docbkxml encoding=utf8: -->

<!DOCTYPE chapter PUBLIC "-//Ryan//DTD DocBook XML-MathML-SVG V4.3//EN"
  "file:///c:/Documents and Settings/Taliesen/Desktop/Ry's Stuff/DocBook/docbook-mathml-svg.dtd">


<chapter id="Introduction">
  <title>Introduction</title>
  <para>
    Computer-rendered terrain is an important facet of most applications that 
    attempt to represent the natural world in some way, including CG-animated 
    feature films, virtual reality systems, computer games, and art. The 
    ability to synthesize large-scale, realistic terrain models easily would be 
    of considerable interest for many of these applications.
  </para>
  <para>
    Much of the recent research in virtual terrain has centered around 
    accelerating the visualization of large terrains to achieve interactive 
    frame rates, resulting in a wide array of <firstterm>level-of-detail (LOD) 
      algorithms</firstterm>, methods of increasing rendering speed omitting 
    details that are too far away or would be otherwise indiscernible to the 
    viewer <biblioref linkend="ROAM"/> <biblioref linkend="Chunked LOD"/> 
    <biblioref linkend="Geometry Clipmaps"/> <biblioref linkend="Feature-based 
      CLOD"/>.  Recent, dramatic advances in the performance and capabilities 
    of graphics accelerator hardware have enabled the presentation of 
    richly-detailed terrain models at interactive frame-rates, and have sparked 
    increased interest in representing outdoor phenomena, as evidenced by the 
    prominence of nature-related techniques at a recent Game Developer's 
    Conference <biblioref linkend="GDC 2002"/>. The visually stunning outdoor 
    scenes in the recent game title <citetitle>Halo</citetitle> <biblioref 
      linkend="Halo"/> are solid evidence that believable terrain can be 
    achieved with current technology.
  </para>
  <para>
    Terrain generation, in contrast, has received relatively little treatment 
    in the literature. Fractal-based techniques are the most prevelant, because 
    they are easily implemented, require relatively little processing time and 
    human input, and yield at least mediocre results, allowing random, unique 
    terrains to be generated on-the-fly.  However, as several authors 
    <biblioref linkend="Geometry Clipmaps"/> <biblioref linkend="Wavelet 
      Synthesis"/> have noted, fractal methods for terrain generation are 
    limited in the types of terrain they can simulate, and one generally has to 
    resort to GIS elevation maps to get more interesting and believable terrain 
    models.
  </para>
  <para>
    In this paper, I present Terrainosaurus, a new algorithm for synthesizing 
    realistic terrain models at multiple levels of detail, in which the user 
    controls the generation process using only intuitive inputs. The spatial 
    layout placement of different kinds of terrain is specified visually using 
    a CAD-style interface, and the characteristic features of the terrain are 
    specified <emphasis>by example</emphasis>, using elevation data acquired 
    from real-world <firstterm>Geographic Information Systems (GIS)</firstterm> 
    data sources.
  </para>
  <figure>
    <title>The Terrainosaurus</title>
    <mediaobject>
      <imageobject>
        <imagedata fileref="Terrainosaurus Logo.png"/>
      </imageobject>
    </mediaobject>
  </figure>
</chapter>
