<?xml version="1.0" encoding="UTF-8" standalone="no"?>
<!-- vim: set filetype=docbkxml encoding=utf8: -->

<!DOCTYPE chapter PUBLIC "-//Ryan//DTD DocBook XML-MathML-SVG V4.3//EN"
  "file:///c:/Documents and Settings/Taliesen/Desktop/Ry's Stuff/DocBook/docbook-mathml-svg.dtd" [
]>


<chapter id="Methods" xmlns:xi="&XInclude-NS;" xmlns:mml="&MathML-NS;">
  <title>Methods</title>
  <para>
    In this section, I will discuss the Terrainosaurus algorithm at a 
    conceptual level, including its overall strategy and major steps, 
    explaining the rationale for important design decisions. The details of 
    implementing the algorithm are glossed over here, and presented in detail 
    in the implementation section.
  </para>

  <section>
    <title>Strategy</title>
    <para>
      Fundamentally, our goal is to synthesize a believable terrain height 
      field conforming to a design created by the user. The way in which the 
      user creates this design should be intuitive and non-taxing for the user, 
      and should be extensible to allow the user to introduce new types of 
      terrain. Before discussing the details of the algorithm, I shall present 
      the overall strategy we have chosen in pursuit of these objectives.
    </para>

    <section>
      <title>Usability Considerations</title>
      <para>
        Since one of our major, stated objectives is to create something easy 
        to use, this aspect deserves specific consideration. While a full-scale 
        user study would be helpful in this respect, this is outside of the 
        scope of this thesis. Nevertheless, there are basic user-interaction 
        decisions we can make that will, <foreignphrase>prima 
          facie</foreignphrase>, promote usability:
        <itemizedlist>
          <listitem>
            user-adjustable constraints will be authored in a visual manner, 
            where appropriate
          </listitem>
          <listitem>
            realism constraints will be expressed <emphasis>by 
              example</emphasis>, in a manner opaque to the user
          </listitem>
          <listitem>
            no other parameters will be presented to the user unless 
            <emphasis>highly</emphasis> intuitive
          </listitem>
        </itemizedlist>
        These three decisions correspond to different kinds of constraints on 
        the generation process. For example, visual authoring is most 
        appropriate for specifying the kinds of constraints that can be freely 
        adjusted without impacting the realism of the terrain (i.e., artistic 
        constraints). Those constraints that are directly tied to the inherent 
        realism of the terrain (i.e., which cannot be significantly changed 
        without losing believability of the terrain) are not suitable 
        candidates for visual authoring. Rather, it would be preferable to 
        specify these constraints (which may be complex) by similarity to an 
        example that satisfies those constraints. This allows two things to 
        take place. First of all, it allows an arbitrary number of new kinds of 
        terrain to be added.  Second (and related), it creates the situation 
        where new, more sophisticated means of example matching can be 
        employed, without changing the way in which the user interacts with the 
        algorithm.
      </para>

      <section>
        <title>Visual Authoring</title>
        <para>
          Computer-human interaction studies <biblioref linkend="CHI Study"/> 
          conclusively indicate that human beings process visual information 
          far more efficiently than information of other types. We would expect 
          this to be especially true of information that is already spatial in 
          nature.  Therefore, a visual authoring paradigm, in which the user 
          can create and adjust the layout of terrain types and features using 
          an interactive "bird's eye" view, is a good choice for...stuff.
        </para>
      </section>

      <section>
        <title>Example-based Design</title>
        <para>
          The previous section dealt with those aspects of authoring that are 
          largely "free" (i.e. the artist can rearrange them at whim, without 
          substantially affecting the viewer's perception of the terrain). For 
          these, it makes sense to allow the user to specify them in detail.
        </para>
        <para>
          In contrast to this are those things that are more highly 
          constrained, and possibly in ways that are not well understood or 
          would be difficult to replicate by hand (e.g., satisfying a certain 
          statistical distribution). Such things are perhaps better left to the 
          computer, and can be solved by a brute force approach or an 
          approximation algorithm. From a user's perspective, these constraints 
          would be tedious or impossible to maintain.
        </para>
        <para>
          This is not to say that these constraints are completely unknown, 
          just that the user is not generally cognizant of their precise values 
          (which may be somewhat fuzzy). For this reason, a design-by-example 
          approach is a graceful method of specifying these constraints: rather 
          than asking the user to create the constraints &amp; their 
          parameters, instead we ask him to provide one or more examples of 
          things that exhibit the characteristics he would like to see 
          replicated in his terrain. An additional benefit of such an approach 
          is that the set of terrain types is easily extensible (all the user 
          must do to add a new terrain type is to provide suitable examples).
        </para>
      </section>

      <section>
        <title>Intuitive Parameters</title>
        <para>
          Of course, not all the parameters we might want to present to the 
          user are necessarily spatial in nature. This is not, in itself, a 
          problem. The important thing is not for all parameters to be 
          expressible visually, but for all parameters to be intuitive: the 
          meaning of the parameter should be easily understandable to a user, 
          without the user having to understand the inner workings of the 
          algorithm. As a result, the user should be able to predict with 
          reasonable accuracy the effect that a particular parameter tweak 
          would have.
        </para>
        <para>
          One example of a non-visual parameter that is nonetheless intuitive 
          would be a "quality" parameter that adjusts a tradeoff between the 
          amount of processing time spent and the realism of the result 
          produced. Even though this tradeoff does not have an obvious visual 
          meaning, humans already understand the concept that spending 
          additional time working on a task will often produce a better result.
        </para>
        <para>
          As an example of the sort of parameter we <emphasis>don't</emphasis> 
          want to present to the user, consider the "octaves" parameter of the 
          well-known Perlin Noise <biblioref linkend="Perlin Noise"/> function.  
          The usefulness of Perlin Noise is indisputable&em;it has been used 
          effectively to create believable imitations of a wide variety of 
          natural phenomena including wood grain, rock, and clouds (to name 
          just a few). But one of its most significant drawbacks is that, to a 
          novice user, the parameters are "magic": it is difficult to gain an 
          intuition for the effects of tweaking one of the parameters without 
          first understanding how Perlin Noise works.
        </para>
      </section>
    </section>

    <section>
      <title>Level of Detail Considerations</title>
      <para>
        As soon as we choose to employ a discrete (e.g., height field) 
        representation for our terrain models, we necessarily introduce 
        level-of-detail concerns as well. Since our discrete model has finite 
        resolution, it is limited in its ability to represent fine-scale 
        detail, and this spatial resolution can be easily understood as the 
        level-of-detail of a terrain model: the higher this resolution is, the 
        more detailed the terrain can be and, accordingly, the finer its LOD.  
        Because of this intrinsic LOD aspect, it will not do to treat LOD as an  
        afterthought...we must consider the LOD implications of our algorithm 
        throughout its design and implementation.
      </para>
      
      <section>
        <title>Multi-LOD Feature Generation</title>
        <para>
          A basic, but significant observation about terrain is that features 
          occur across a variety of scales. In order to reproduce a terrain 
          type in a believable fashion, these different-scale features must be 
          replicated in approximately correct proportions.
        </para>
        <para>
          Taken as a whole then, our terrain generation problem can be 
          understood as the problem of constructing a height field that has the 
          desired characteristic features at each LOD. To accomplish this 
          without some mechanism for explicitly or implicitly handling the 
          different scales would be extremely difficult. Any modification 
          operation that is not constrained to a certain scale is likely to 
          have unpredictable side effects at a number of scales, even if it 
          improves the shape of the terrain at one particular scale. The 
          "faulting" and "collaging" methods described previously are examples 
          of this: by blending a large number of simple shapes together, they 
          achieve a randomly varying surface, but it is unclear how these 
          methods can be controlled to emulate any particular kind of terrain, 
          and they generally require hundreds or thousands of iterations in 
          order to prevent the emergence of artifacts caused by the constituent 
          shapes.
        </para>
        <para>
          There are a number of possible ways of accounting for scale. For 
          example, the two-dimensional <firstterm>Discrete Fourier transform 
            (DFT)</firstterm> can be used to convert a height field into a 
          frequency-domain representation, in which the height field geometry 
          is decomposed into sine waves of different frequencies, roughly 
          corresponding to different scales. Thus, the DFT could potentially 
          form the basis for multi-scale terrain analysis &amp; generation. We 
          originally considered the use of the DFT in our algorithm, but 
          eventually discarded it, primarily because it requies a rectangular 
          region over which to operate, and because the frequency information 
          recovered from it is rather sensitive to the size of that region.
        </para>
        <para>
          A second way of handling scale in terrain generation is to construct 
          a set of height fields, each containing information in a relatively 
          narrow range of scales, which are then superimposed to create the 
          actual terrain height field. This is the basic concept underlying 
          Perlin Noise, though Perlin Noise uses just a plain random noise 
          generator to create the individual scales.
        </para>
        <para>
          A third possibility is to start with a very coarse LOD, and to derive 
          each successive LOD from the one before it, rather like a proof by 
          induction in mathematics.  This type of approach is similar to the 
          previous in that it recognizes LODs as being distinct, but differs in 
          that it does not treat them as being unrelated. Techniques in this 
          category generally involve subdivision; the Mid-Point Displacement 
          Method (MPD) is one example of this sort of approach, as is 
          Terrainosaurus. The benefit of such an approach is that the features 
          of the current LOD need not be cut from whole cloth, but instead can 
          be grown out of those fixed by previous LODs.
        </para>
      </section>

      <section>
        <title>Constructing an LOD</title>
        <para>
          As was mentioned in <xref linkend="Fractals and Not"/>, one of the 
          more significant contributions of Terrainosaurus to the field of 
          terrain generation is to offer a not-necessarily-fractal answer to 
          the question of what the terrain ought to look like at any given LOD.
        </para>
        <para>
          Fractal methods are very popular for generating terrain, especially 
          when ease-of-use (or complete automation) is the overriding 
          consideration, and with good reason: they offer a theoretically 
          unlimited amount of detail for very little effort. This is possible 
          because the features present in each finer LOD are simply 
          smaller-scale versions of those present in the coarser LODs. It is 
          this assumption of self-similarity across scales that makes fractals 
          so simple to use.
        </para>
        <para>
          In general, there need not be any particular relationship between the 
          features that emerge at different LODs.  Consider, for example, the 
          cracking that occurs in some types of dried mud (see image): if all 
          terrain geometry manifested the fractal property of self-similarity, 
          then cracked, dried mud of this sort would occur only in terrain that 
          also possessed these types of features at larger scales: broad flat 
          areas separated by narrow, severe crevices.  This is obviously not 
          correct, as such patches of mud routinely occur in rather tame, flat 
          areas. Therefore, while the self-similarity assumption may be a 
          useful tool for simplifying generation of some types of terrain, it 
          is not valid in the general case, since there are types of terrain 
          that cannot be generated in this way. For this reason, we would 
          expect example-based terrain generation to perform rather poorly 
          under the self-similarity assumption, since this would probably 
          result in the example analysis problem being over-constrained, since 
          we would be searching for a fractal relationship between LODs that is 
          simply not there. Just the same, it would be interesting to see to 
          what extent various real-world terrain types could be reverse 
          engineered for approximate fractal characteristics.
        </para>
        <para>
          In the Terrainosaurus algorithm, we do not make the self-similarity 
          assumption between LODs, instead treating each LOD as potentially 
          unique in its characteristics and analyzing it separately.
        </para>
      </section>
    </section>

    <section>
      <title>Optimization Strategy</title>
      <para>
        Obviously, there is no unique "correct" answer to the problem of 
        generating terrain; instead, there are infinitely many "good" answers, 
        infinitely many more "bad" answers, and everything in between. Thus, 
        the quest to make believable terrain can be viewed as a search over an 
        infinitely large solution space, in which some solutions are 
        quantitatively better than others.
      </para>
      <para>
        A number of methods exist for finding good approximate solutions to 
        problems for which an exhaustive search is infeasible or (as in the 
        case of terrain generation) impossible. These methods vary in 
        performance and generality. In Terrainosaurus, we have chosen to employ 
        genetic algorithms for this purpose. The major benefits of GAs (for our 
        purposes) are:
        <itemizedlist>
          <listitem>
            they are randomized, rather than deterministic; as a result, they 
            are capable of some degree of innovation and can produce an 
            unlimited number of unique terrain models. Additionally, this 
            randomness can enable the GA to escape a locally "best" solution to 
            converge to a better solution, whereas a deterministic algorithm 
            would be trapped by the locally "best" solution.
          </listitem>
          <listitem>
            they are extremely general;
            black box...blah blah...fitness function can be aggregate of many 
            diverse measurements...thus, can unite orthogonal or competing 
            constraints (e.g., rivers, LOD relationships, statistical distros).
            Good basis for a general terrain gen framework.
          </listitem>
        </itemizedlist>
      </para>
    </section>
  </section>

  <section>
    <title>Algorithm Overview &amp; Concepts</title>
    <para>
      A <firstterm>terrain type</firstterm> represents a class of terrain as a 
      human would think of it&em;examples of terrain types include "rolling 
      hills", "beach", "mountain foothills", and "plains". As such, the set of 
      terrain types is effectively unbounded: no matter how many terrain types 
      we define, someone will always be able to identify a new one...if not on 
      our world, then on some alien planet.
    </para>
    <para>
      In concrete terms, a terrain type comprises one or more sample 
      height fields that a human would classify as belonging to that category.  
      These height fields are the raw material that will be used to construct 
      the generated height field, and they form the standard by which the 
      generated height field will be judged&em;a terrain region is "good" if it 
      is "like" the height fields corresponding to its terrain type, and "bad" 
      if it is dissimilar. Defining what exactly makes one height field "like" 
      another is a major part of this research, and will be discussed later.
    </para>
    <para>
      I said earlier that the set of possible terrain types was effectively 
      infinite and correlative to human mental categories. This is not to say 
      that the classification is wholly <emphasis>arbitrary</emphasis>. While 
      the degree of fineness with which similar terrain types are 
      differentiated is somewhat up to the user, it is crucial that the input 
      height fields be correctly classified within this taxonomy. If, for 
      example, a sample of "mountains" were classified as "plains", this would 
      very likely sink the whole ship when it came to figuring out what 
      characteristics typified the "plains" terrain type. Mention here that it 
      is NOT an error for terrain types to be similar (or even identical).
    </para>
  </section>

  <section>
    <title>The User's Perspective (What It Does)</title>
    <para>
      Since ease-of-use is one of the primary objectives of our approach, it is 
      worth taking some time to walk through how our approach looks from a 
      user's perspective. And since users are people and not just abstract 
      concepts, let's be user-friendly and give our user a name. Everyone, meet 
      Bob. Bob is a set designer for a large computer animation studio, and is 
      routinely tasked with constructing outdoor, virtual worlds for the 
      commercials, feature films, and video games that his company develops.  
      We're about to make Bob's life just a little bit happier by letting him 
      go home from work just a little bit sooner
      <footnote>
        <para>
          OK, I realize that Bob's boss is just going to find something else 
          for Bob to do with his new-found spare time, so he won't 
            <emphasis>actually</emphasis> get to go home any sooner. But it's a 
            nice idea...
        </para>
      </footnote>.
    </para>
    <para>
      From Bob's perspective, terrain generation with Terrainosaurus involves 
      several, discrete steps:
      <itemizedlist>
        <listitem>
          assembling a terrain library
        </listitem>
        <listitem>
          authoring a terrain map
        </listitem>
        <listitem>
          generating a height field
        </listitem>
      </itemizedlist>
    </para>

    <section>
      <title>Terrain Library Assembly</title>
      <para>
        Bob's first step is to assemble a <firstterm>terrain 
          library</firstterm>, the "palette" he will later use to define the 
        terrains he creates. His task in this phase is to define the taxonomy 
        of <firstterm>terrain types</firstterm> he wants to use. Terrain types 
        are  logical abstractions, semantic classes of terrain, as a human 
        would think of them (things like "steep mountains", "sandy beach", 
        "rocky desert", "plains", etc.) and are created by providing one or 
        more <firstterm>terrain samples</firstterm>, example height fields 
        representative of these classes. These examples will normally come from 
        real-world GIS data providers <biblioref linkend="GeoCommunity"/>, 
        though they could potentially come from other sources as well.
      </para>
      <para>
        Bob's palette of terrain types can be as coarse or as fine-grained as 
        he wishes, depending on his needs, and he might have separate libraries 
        for different purposes. For example, he might define many variations of 
        mountains in order to finely specify the kinds of features that appear 
        throughout a mountainous terrain model, or he might have only a few 
        highly different, general-purpose terrain types for building 
        larger-scale worlds.
      </para>
      <para>
        While the construction of the terrain library is likely to be a bit 
        tedious, it is something that Bob will do only infrequently, as once 
        the terrain library has been assembled, it can be reused indefinitely, 
        and extended whenever additional terrain types are needed.
      </para>
    </section>

    <section>
      <title>Map Design</title>
      <para>
        Bob's primary design task when using Terrainosaurus is to create the 
        layout of his terrain. He does this visually, creating a 2D 
        vector-drawn map of the terrain using a CAD-style interface. By 
        representing the map as a vector drawing rather than a raster drawing, 
        we allow Bob to defer the decision of output resolution until the 
        height field generation phase, allowing him to generate different 
        levels of detail from a single map.  The map is made up of one or more 
        polygonal regions of terrain, which can be of arbitrary sizes and 
        shapes. Each region is assigned one of the terrain types from the 
        library. Through sketching out such regions and tweaking their shapes, 
        Bob can express the approximate layout he desires for his terrain, 
        using a modeling paradigm that is well-established and intuitive.
      </para>

      <section>
        <title>Boundary Refinement</title>
        <para>
          The use of polygons to represent the terrain type map has the 
          advantage of simplicity.  While polygons are useful tools for 
          modeling, their major drawback is their linearity: since polygons are 
          restricted to having straight edges, curved or irregular shapes can 
          require large numbers of small segments to be adequately 
          approximated. If the approximation is not fine enough for the 
          particular application, the unrealistically straight edges will be 
          visible. In our case, this means that if the lengths of linear region 
          boundaries is large with respect to the resolution of the generated 
          height field, these boundaries will be reflected in the generated 
          terrain as unnaturally straight transitions between different types 
          of terrain; the longer the boundary, the more noticeable this is 
          likely to be. Therefore it is important that the boundaries between 
          regions of sufficiently fine scale.
        </para>
        <para>
          It would be nice if we could relieve Bob of this concern and allow 
          him to sketch his map with rough, simple shapes, filling in an 
          appropriate amount of fine-scale detail to match the resolution of 
          the generated height field. We do this by providing a 
          <firstterm>boundary refinement</firstterm> operation, replacing each 
          straight edge of Bob's polygonal map with a new edge that follows the 
          same approximate path as the original, but with a meandering, 
          irregular shape made up of many short segments. Bob can influence the 
          shape of this boundary by adjusting a 
          <firstterm>smoothness</firstterm> parameters. With the addition of 
          this operation, even an inexperienced user should be able to create a 
          believable map in just a few minutes.
        </para>
      </section>
    </section>

    <section>
      <title>Height Field Construction</title>
      <para>
        Once Bob is satisfied with the map he has created, he selects a 
        rectangular chunk of the map, chooses the desired level-of-detail, 
        clicks "Generate", and goes to lunch with his co-workers. While Bob is 
        enjoying the Philly cheese-steak sandwich, Terrainosaurus is hard at 
        work, building a height field that will fulfill Bob's design.
      </para>
      <para>
        Terrainosaurus generates a matching set of height field LODs, from the 
        coarsest up to the target LOD that Bob requested. At each LOD, the 
        height field is built such that the features present in each region 
        resemble those of the corresponding terrain types at that LOD.
      </para>
      <para>
        A secondary (optional) by-product of generating each LOD is a 
        rasterized version  of Bob's map, an image with the same dimensions as 
        the generated height field, representing the terrain type of each point 
        in the height field.  This information could be loaded and used by 
        another program for performing additional computation, such as 
        generating realistic textures for the height field, or simulating 
        erosion of the terrain surface.
      </para>
    </section>
  </section>

  <section>
    <title>The Computer's Perspective (How It Works)</title>
    <para>
      Now that we have covered the fundamental concepts of Terrainosaurus and 
      outlined the general steps of the algorithm, all that remains for us to 
      do is to peer inside of the "black boxes" in the above outline, and fill 
      in the details. Specifically, we need to discuss the following aspects:
      <itemizedlist>
        <listitem>
          the boundary refinement algorithm
        </listitem>
        <listitem>
          how to analyze and compare height fields
        </listitem>
        <listitem>
          the height field generation algorithm
        </listitem>
      </itemizedlist>
    </para>

    <section>
      <title>Boundary Refinement</title>
      <para>
        The boundary refinement operation is the first algorithmic aspect of 
        Terrainosaurus that we will discuss, and also the first appearance of 
        the star of our show, Mr. Genetic Algorithm.
      </para>

      <section>
        <title>Overview</title>
        <para>
          The boundary refinement operation is essentially a randomized 
          subdivision operation. It takes as input a single line segment of 
          arbitrary length and produces a piecewise linear curve with the same 
          starting and ending points as the original segment, but made up of 
          <inlineequation>
            <mml:math>
              <mml:mi>N</mml:mi>
            </mml:math>
          </inlineequation> segments (connecting 
          <inlineequation>
            <mml:math>
              <mml:mi>N</mml:mi>
              <mml:mo>+</mml:mo>
              <mml:mn>1</mml:mn>
            </mml:math>
          </inlineequation> points), where
          <inlineequation>
            <mml:math>
              <mml:mi>N</mml:mi>
            </mml:math>
          </inlineequation> is proportional to the length of the original 
          segment.
        </para>
        <para>
          A useful result of applying this operation to each boundary in the 
          map is that the segment length throughout the entire map is roughly 
          uniform. If this length is chosen small enough relative to the 
          resolution of the height field that will be generated, no straight 
          boundaries between terrain types will be evident in the generated 
          height field.  XXX something about minimum length.
        </para>
        <para>
          The shape of the generated boundary is subject to the constraints 
          imposed our user. Bob can control how sharp the angles between 
          successive segments are allowed to be by adjusting the 
          <firstterm>smoothness</firstterm> parameter,
          <inlineequation>
            <mml:math>
              <mml:mi>S</mml:mi>
            </mml:math>
          </inlineequation>, which can vary from 0.0 (very rough) to 
            1.0 (very smooth).
        </para>
      </section>

      <section>
        <title>Genetic Encoding</title>
        <para>
          The first step in casting the boundary refinement problem as a 
          genetic algorithm is to define a suitable genetic encoding for a 
          boundary. 
        </para>
        <para>
          In the encoding we have selected, a chromosome has
          <inlineequation>
            <mml:math>
              <mml:mi>N</mml:mi>
            </mml:math>
          </inlineequation>
          genes, one for each segment in the resulting boundary, and each gene 
          contains a real-valued angle in the range [-pi, pi] indicating the 
          <emphasis>relative</emphasis> change in direction of the 
          corresponding segment with respect to the one preceding it. A 
          positive angle indicates a turn to the counter-clockwise direction, 
          while a negative angle indicates a turn to the clockwise direction.  
          A differential angle of zero indicates that the segment is traveling 
          in the same direction as the previous segment. The angle for the 
          first segment is defined with respect to the X axis, since it has no 
          preceding segment.
        </para>
        <para>
          An encoding such as this is advantageous in that it represents the 
          shape of the boundary in terms of a <emphasis>local</emphasis> 
          property of the curve (the differential angle). This is a convenient 
          representation, since the property that we are trying to optimize 
          (the curve smoothness) is itself a local property. Furthermore, the 
          curve smoothness can be calculated using only the angles, without the 
          need to convert to Cartesian coordinates, with the result that the 
          fitness evaluation can be done quite cheaply, in terms of processing 
          time.
        </para>
        <para>
          Another important consequence of this encoding is that the 
          relationship between the angle values and the 2D Cartesian 
          coordinates of the points in the boundary depends <emphasis>on the 
            entire chromosome</emphasis>: since each angle encoded in a gene is 
          specified relative to the preceding line segment, a change in the 
          angle of one gene will affect the location of not just the next 
          point, but of <emphasis>every</emphasis> subsequent point. As a 
          result, the end point of the boundary cannot easily be held fixed, 
          since mutations earlier in the sequence will tend to move it. To 
          compensate for this, at the end of the operation we will affinely 
          transform the sequence of points so that they line up with the 
          original boundary. Since we will be transforming the points anyway, 
          we can, without loss of generality, think of the original boundary as 
          lying along the X axis, starting from the origin. All of the diagrams 
          in this paper will use this convention.
        </para>
      </section>
          
      <section>
        <title>Genetic Operators</title>
        <para>
          To mutate and cross-breed the chromosomes, we use the standard 
          crossover and mutation operators. Mutating a gene corresponds to 
          changing the degree of "bend" between two consecutive segments <xref 
            linkend="boundary mutation"/>.  Crossing two chromosomes is the 
          equivalent of cutting each path in the middle of one of the segments 
          and exchanging the pieces.
        </para>
        <figure id="boundary mutation">
          <title>The Boundary GA Mutation Operator</title>
          <mediaobject>
            <imageobject>
              <imagedata fileref="Boundary GA Mutation.png" format="PNG"/>
              <!--xi:include href="resources/Boundary GA Mutation.svg"/-->
            </imageobject>
          </mediaobject>
        </figure>
      </section>

      <section>
        <title>Fitness Evaluation</title>
        <para>
          A chromosome is "fit" if the boundary curve it represents satisfies 
          the smoothness constraint placed on it. We evaluate the smoothness of 
          the curve at several levels of detail, and average the results to get 
          the overall smoothness value, in order to ensure that the curve is 
          well-behaved.
        </para>
        <para>
          The smoothness of a single gene at the finest LOD is calculated 
          according to (XXX I need to talk more about this, but I need to 
          examine Mike's equations more closely first.)
        </para>
        <para>
          Calculating the fitness XXX
          The fitness at coarser LODs is calculated similarly, but rather than 
          using the angles in the genes directly, we average two or more 
          consecutive
        </para>
        <para>
          To calculate the fitness of the chromosome at a single LOD, we simply 
          take the mean of the fitnesses of the individual genes.
        </para>
      </section>

      <section>
        <title>Decoding the Result</title>
        <para>
          Once the GA has completed, we have a "best" boundary, encoded as a 
          series of floating-point angle values. THe final step in this 
          operation is to translate this chromosome into a series of 2D points 
          (<inlineequation>
            <mml:math>
              <mml:sub>
                <mml:mi>P</mml:mi>
                <mml:mn>0</mml:mn>
              </mml:sub>
            </mml:math>
          </inlineequation> to
          <inlineequation>
            <mml:math>
              <mml:sub>
                <mml:mi>P</mml:mi>
                <mml:mn>n</mml:mn>
              </mml:sub>
            </mml:math>
          </inlineequation>)
          that, when connected by line segments, forms the refined boundary.
        </para>
        <para>
          This is done in a relatively straightforward manner:
        </para>
        <procedure>
          <step>
            The initial point <mml:math>P_0</mml:math> is placed at the origin.
          </step>
          <step>
            Subsequent points <mml:math>P_1</mml:math> to <mml:math>P_n</mml:math> are 
            calculated from the previous point, using the recurrence relation 
            <mml:math> P_i = P_i-1 + (1, tan(a_i-1))</mml:math>. (XXX incremental 
            angle)
          </step>
          <step>
            The final point, <mml:math>P_n</mml:math>, will not, in general, be at the 
            correct angle and distance to match up with the target end point.  
            Therefore, we construct an affine transformation matrix that 
            translates, rotates and scales the points such that the first and 
            last points line up exactly with the start and end points, 
            respectively, of the original boundary. This transform is 
            constructed in the following way:
            <substeps>
              Let <mml:math>V_o</mml:math> be the vector connecting the start 
              and end points of the original boundary, and 
              <mml:math>V_r</mml:math> be similarly defined for the refined 
              boundary.
            </substeps>
            <substeps>
              The transform is the matrix <mml:math>X = TRS</mml:math>, where
              <variablelist>
                <varlistentry>
                  <term><mml:math>T</mml:math></term>
                  <listitem>
                    the 2D translation along the vector from the origin to the 
                    start point of the original boundary
                  </listitem>
                </varlistentry>
                <varlistentry>
                  <term><mml:math>R</mml:math></term>
                  <listitem>
                    the 2D rotation by the angle between <mml:math>V_o</mml:math> and 
                    <mml:math>V_r</mml:math>
                  </listitem>
                </varlistentry>
                <varlistentry>
                  <term><mml:math>S</mml:math></term>
                  <listitem>
                    the 2D scaling by the ratio <mml:math>|V_o| / |V_r|</mml:math>
                  </listitem>
                </varlistentry>
              </variablelist>
            </substeps>
          </step>
        </procedure>
        <para>
          At this point, the original boundary has been replaced with a 
          suitable, refined version, and the operation is complete.
        </para>
      </section>

    </section>


    <section>
      <title>Terrain Analysis &amp; Comparison</title>
      <para>
        The second aspect we will look at is how to analyze a height field to 
        extract useful information and how to use that information to compare 
        two or more height fields for similarity.
      </para>

      <section>
        <title>Overview</title>
        <para>
          The ability to meaningfully analyze terrain height fields and compare 
          them is central to Terrainosaurus's generate-by-example paradigm. By 
          placing the burden of recognizing the geometric and statistical 
          similarities between height fields onto Terrainosaurus, we free our 
          beloved user, Bob, of much of the labor of the terrain construction 
          process. This aspect of the algorithm can be further divided into 
          three parts:
          <itemizedlist>
            <listitem>
              how to extract relevant information from a height field
            </listitem>
            <listitem>
              how to derive the relationships between the individual height 
              fields that make up a single terrain type
            </listitem>
            <listitem>
              how to compare an arbitrary height field region to a terrain type
            </listitem>
          </itemizedlist>
        </para>
      </section>

      <section>
        <title>Analyzing a Single Height Field</title>
        <para>
          Above all, we are interested in creating terrain models that, to a 
          human viewer, are recognizable, plausible reproductions of the kinds 
          of terrain that our user supplied as inputs. Therefore, the central 
          question that we must ask is this: what gives a "kind" of terrain its 
          identity in the mind of the viewer? A comprehensive answer to this 
          question would involve aspects of a number of disciplines, including 
          geology, ecology, linguistics, and human cognition, and is certainly 
          outside of the scope of this research. Nevertheless, for our 
          purposes, we must arrive at a partial answer to this question, one 
          that can be quantified in terms of height field geometry.
        </para>
        <para>
          Intuitively, several ways of characterizing the geometry of a height 
          field seem to be reasonable candidates for terrain type analysis.  
          First, there are the elevations and slopes in the height field (i.e., 
          the zeroth and first derivatives of the height field surface).  
          Everyday experince tells us that different kinds of terrain often 
          have very different elevation ranges and steepnesses; desert terrain, 
          for example, is generally rather flat, while mountainous terrain can 
          be extremely steep, even completely vertical in places.  Furthermore, 
          some kinds of terrain occur at characteristically different altitudes 
          (it would be unusual indeed to find a sandy beach at 10,000 feet 
          elevation!). Thus, the statistical properties of these quanities 
          (mean, variance, min, max, etc.) may give us useful information about 
          the height field.
        </para>
        <para>
          Another way of quantitatively characterizing a height field is by the 
          presence, density, and size of certain identifiable "features": 
          things like peaks, ridges, cliffs, rivers and gorges. Again, 
          experience teaches us to expect mountain ranges to have more 
          pronounced peaks and ridges than most other kinds of terrain, and 
          that plains areas contain primarily smooth, relatively flat ground.
        </para>
        <para>
          So far, we have identified two distinct classes of measurements that 
          offer some promise of being able to unify similar terrains and to 
          differentiate between dissimilar terrains. Numerous other ways of 
          characterizing height fields are certainly possible, such as the 
          Fourier transform of the height field elevations, wavelet 
          decompositions of the surface, higher-order derivatives of the 
          surface, and more complicated statistical formulations. For the 
          moment, however, we will restrict our focus to what we have so far, 
          and examine the hypothesis that they might give us enough information 
          with which to work.
        </para>
      </section>

      <section>
        <title>Relating Different Height Fields Within a Terrain Type</title>
        <para>
          A straightforward way of testing this hypothesis is to collect these 
          measurements from a variety of terrain samples representing several, 
          clearly distinct types of terrain. If consistent commonalities exist  
          between height fields of the same terrain type that are not generally 
          present between height fields of significantly different terrain 
          types, then we may have some confidence that these measurements are 
          useful. Furthermore, we would like these measurements to be 
          relatively invariant with respect to the size of the height field 
          being analyzed, since we will need the ability to compare height 
          fields of different sizes.
        </para>
        <para>
          The results of this empirical analysis are discussed in much greater 
          detail in the chapter on results. For the sake of present discussion, 
          it is enough to note that real-world terrain height fields, manually 
          classified into a number of terrain types, displayed significant 
          agreement in these measures.
        </para>
        <para>
          Still remaining, however, is the challenge of quantifying the level 
          of agreement. Visual inspection of elevation histograms might allow a 
          human to declare two distributions to be similar, but this won't work 
          for a computer. Statistical hypothesis tests, such as chi-squared, 
          ANOVA, and the t-test provide some facilities for comparing 
          statistical distributions, but these tests are primarily aimed at 
          answering the question "do these two samples come from the same 
          population?", or more precisely, "how likely is it that these samples 
          have the same population mean?". These tests are not especially 
          useful for our purposes, primarily because the mean elevation, by 
          itself, is a rather poor estimate of similarity. To see why this 
          would be, one need only consider any mountain range of significant 
          size: similar kinds of geological features may be found throughout 
          the mountain range, while the elevation can vary drastically. Since 
          standard sizes for GIS height fields are small in comparison to the 
          extent of a mountain range, it would not be surprising to find two 
          similar-looking height fields from the same mountain range that not 
          only do not share a common mean elevation, but in fact do not have 
          <emphasis>any</emphasis> elevations in common.
        </para>
        <para>
          What we need here is some way of comparing the distributions in more 
          than just their mean values. One way to do this is to extract several 
          measurements, each characterizing the distribution in a manner fairly 
          orthogonal to the others, and to compare the distributions with 
          respect to each of these. In addition to the well-known mean and 
          standard deviation, which characterize the distribution's center and 
          degree of variability, respectively, we can further describe the 
          distributions by their <firstterm>skewness</firstterm> (degree of 
          asymmetry) and their <firstterm>kurtosis excess</firstterm> (degree 
          of flatness or peakedness, usually referred to simply as the 
          "kurtosis"). These last two measurements can be used to gauge how 
          normal or non-normal a distribution is (many of the elevation 
          distributions analyzed, and virtually all of the slope distributions, 
          were significantly non-normal in shape).
        </para>
        <para>
          To compare distributions from two separate terrains, we would like to 
          be able to compute a bounded similarity coefficient for each of these 
          four measurements, ideally in the range 0 to 1, with 1 indicating 
          perfect correspondence and 0 indicating very poor correspondence.  
          But how this ought to be accomplished is not immediately obvious, all 
          of these measurements are theoretically 
          <emphasis>un</emphasis>bounded. The standard deviation, at least, is 
          bounded on the lower side by zero, since it cannot be negative, and 
          the mean is effectively non-negative as well, as elevations on the 
          Earth's surface only rarely drop below sea level, but this is of 
          little help to us because the range of possible values is still quite 
          large. Furthermore, to take the mean elevation as an example, because 
          of the widely varying steepness across different types of terrain, 
          what amounts to an enormous difference in elevation for one terrain 
          type (e.g., the desert) may be an insignificant difference for 
          another (e.g., the mountains).
        </para>
        <para>
          Because of this, a meaningful mapping from these unbounded values 
          into the range [0,1] must be adaptive, adjusting to the range of 
          possible values for the terrain type under examination. Otherwise, 
          the discriminating power of the mapping is lost, as almost all 
          comparisons will evaluate to zero (if the range is too narrow) or to 
          one (if the range is too wide).
        </para>
        <para>
          After trying several different mappings, including logarithmic and 
          exponential falloff functions, we selected a Gaussian curve with a 
          height-at-center of 1 as the mapping function. In addition to being 
          defined and smooth for all real numbers, it has the added advantages 
          of being easy to compute and intuitive to manipulate. In order to use 
          this mapping function to evaluate the correspondence between a 
          terrain sample being evaluated and a reference terrain type, we place 
          the mean of the mapping curve at the mean value for the reference 
          terrain type and select a curve variance appropriate to the terrain 
          type.
        </para>
        <para>
          This, of course, raises the question of how to choose an 
          "appropriate" variance. If we have two or more reference samples for 
          the terrain type to which we are comparing, we can resolve this 
          question by choosing a value of
          <inlineequation>
            <mml:math>
              <mml:sup>
                <mml:mi>&sigma;</mml:mi>
                <mml:mn>2</mml:mn>
              </mml:sup>
            </mml:math>
          </inlineequation>
          such that all reference samples score above a certain threshhold 
          value, such as 0.9. Thus, if there is strong agreement between the 
          reference terrain samples with respect to a certain measurement, only 
          values near that narrow range will be considered similar (i.e., will 
          be given a good score). Conversely, if the reference samples diverge 
          widely on a given measurement, the curve will be quite wide, giving 
          high scores for a much larger range about the mean.
        </para>
        <para>
          In this fashion, the terrain sample can be given a similarity score 
          for each of the four individual measurements. However, in calculating 
          the aggregate similarity, it will not work simply to take the mean of 
          the four coefficients. Calculating in this way would give 
          inappropriate preference to terrain types with 
          <emphasis>low</emphasis> degrees of agreement between constituent 
          terrain samples, since they would have very wide mapping curves, and 
          would therefore report high similarity scores for each measurement.  
          In the asymptotically worst case, as the disagreement between 
          reference samples goes to infinity (indicating a complete loss of 
          discriminating power with that measurement) the similarity 
          coefficient would approach 1 in every case&em;obviously a mistake. To 
          correct this, we introduce the idea of an 
          <firstterm>agreement</firstterm> measure for the terrain type as a 
          whole. The agreement for an individual measurement is calculated 
          according to <xref linkend="Individual Agreement Equation"/>, and the 
          total agreement for the terrain type is the mean of the individual 
          agreement values. This useful in two ways: first, the individual 
          agreement values can be used to calculate the relative importance of 
          each component (when the agreement over a component is low, that 
          component is weighted lightly), and second, the overall agreement 
          acts as a descriptor of how well this terrain type is unified with 
          respect to the statistical distribution being considered; this 
          knowledge can be used to determine the relative significance of the 
          different distributions (elevation, slope, etc.) for describing the 
          terrain type.
        </para>
        <equation id="Individual Agreement Equation">
          <title>Individual Agreement Equation</title>
        </equation>
      </section>

    </section>

    <section>
      <title>Height Field Construction</title>
      <para>
        The second algorithmic aspect that we will look at in depth is the 
        height field construction step. This also employs a genetic algorithm, 
        but to solve a somewhat harder problem.
      </para>

      <section>
        <title>Overview</title>
        <para>
          The height field generation algorithm is, at its heart, a multi-scale 
          image synthesis operation: the goal of this operation is to produce a 
          height field (greyscale image) of the requested size, with a 
          plausible configuration of data from the terrain library, arranged 
          according to the map that Bob created. At this point, we have the 
          following inputs from the user:
          <itemizedlist>
            <listitem>
              the 2D vector map that Bob created, expressing his desired layout 
              for the height field
            </listitem>
            <listitem>
              a world-space, rectangular "active" chunk of this map, indicating 
              the particular area of the map for which a height field should be 
              generated
            </listitem>
            <listitem>
              the target LOD to generate
            </listitem>
            <listitem>
              a library of terrain samples, serving as examples of what the 
              terrain types in Bob's map should look like
            </listitem>
          </itemizedlist>
        </para>
        <para>
          As I mentioned earlier in my discussion of the general Terrainosaurus 
          strategy, we attack the height field creation problem iteratively, 
          starting from the coarsest LOD and working towards the target LOD.  
          For each LOD, we construct the new height field by blending together 
          chunks of the terrain type examples in the library, using the height 
          field for the previous LOD as the "pattern" to follow. The goal, 
          then, of the genetic algorithm is to find an arrangement of height 
          field data that, when blended together, satisfies the following 
          constraints:
          <itemizedlist>
            <listitem>
              the height field resembles that of the previous LOD; this ensures 
              both that the separate height fields together form a coherent set 
              of LODs, and also that finer LODs retain the macro-scale features 
              created in earlier iterations
            </listitem>
            <listitem>
              each terrain type region within the height field resembles its 
              respective terrain type
            </listitem>
          </itemizedlist>
        </para>
      </section>

      <section>
        <title>Preprocessing</title>
        <para>
          Map analyzis is part of this, so is "studying" the TT
        </para>

        <section>
          <title>Terrain Library Preprocessing</title>
          <para>
            Before
          </para>
        </section>
            
      </section>

      <section>
        <title>Map Analysis</title>
        <para>
          The map created by Bob is a vector drawing. This makes a lot of sense 
          from a user-interface standpoint, since we have no way of knowing 
          <foreignphrase>a priori</foreignphrase> what LOD Bob will want to 
          generate (even if Bob has a particular LOD in mind, there is no 
          guarantee he won't later decide that he needs a more detailed model);   
          representing the map with the (virtually) infinite resolution of a 
          vector drawing rescues us (and Bob) from having to pick a target LOD 
          from the start.
        </para>
        <para>
          However, since the height field we are going to generate is a raster 
          object, it will be much more convenient to have the map in a similar 
          form (i.e., a raster with the same dimensions as the height field).  
          Furthermore, once the height field generation process begins, we 
          <emphasis>do</emphasis> know the resolution of the height field we 
          are to generate, so we can safely convert the map to a raster form, 
          since the additional precision afforded by the vector representation 
          is no longer useful. At the same time, we can do some extra analysis 
          on the rasterized map that will be helpful later on. Specifically, 
          the raster quantities we calculate are:
          <itemizedlist>
            <listitem>
              the terrain type ID at each pixel
            </listitem>
            <listitem>
              the distance from each pixel to the nearest region boundary
            </listitem>
            <listitem>
              the unique ID for the enclosing terrain region
            </listitem>
          </itemizedlist>
          The first of these is simply the result of rasterizing the map. The 
          second two are derived from the first, and require segmenting the map 
          back into contiguous regions. It is worth noting that the regions 
          found at this stage may not have a 1-to-1 correspondence with those 
          in the vector-drawn map, for a variety of reasons:
          <itemizedlist>
            <listitem>
              two adjacent regions with the same terrain type are 
              indistinguishable at this point, and will be merged
            </listitem>
            <listitem>
              a region that is too tiny to cover any raster cells, or which 
              falls outside of the active area of the map, will not appear in 
              the rasterized map at all, and will be eliminated
            </listitem>
            <listitem>
              a concave region that only partially intersects the active area 
              of the map may have multiple, distinct fragments that fall within 
              the active area, and will create multiple regions
            </listitem>
          </itemizedlist>
        </para>
      </section>

      <section>
        <title>Encoding &amp; Decoding a Height Field</title>
        <para>
          Once again, we have to find a way to represent our problem in a such 
          a way that the GA can work on it. This time, we need a way to 
          decompose a height field into a set of interchangeable genes.
        </para>
        <para>
          A number of possible encodings come to mind, the simplest being that 
          every pixel in the height field is a gene. We rejected this approach 
          as being too fine-grained: a height field of any substantial size 
          would contain thousands or millions of genes, and it is difficult to  
          envision meaningful mutation operators to work on such an encoding.
        </para>
        <para>
          Instead, we selected an encoding in which each gene references a 
          specific, <mml:math>NxN</mml:math> chunk of pixels from some location within 
          one of the library examples belonging to its terrain type, with an 
          affine transformation applied to it. A chromosome, then, is a 2D grid 
          of such genes. To prevent unseemly seams from appearing between 
          adjacent genes, we allow each gene to overlap partially with its 
          neighbors and blend between them using a 2D gaussian blending 
          function.
        </para>
        <para>
          One benefit of this encoding is that it is relatively compact. By 
          keeping only a <emphasis>reference</emphasis> to the source height 
          field data within the gene, the chromosomes are able to be 
          substantially smaller than they would be if they carried the pixel 
          data internally (a single 1024x1024 height field stored in IEEE 
          single-precision floating-point format is nearly half a megabyte in 
          size!). As a result, it is possible to have a larger population for 
          the same amount of memory.
        </para>
        <para>
          A second, less obvious benefit is that it is computationally 
          inexpensive. Since the gene transformation is only applied when the 
          chromosome is decoded, mutation operations can be very fast. Also, 
          because no pixel data is stored in the gene, crossover operations are  
          faster as well. Furthermore, many queries about the geometric 
          characteristics of a gene (mean elevation, gradient, etc.) can be 
          made quite inexpensive by precomputing these quantities for each of 
          the reference terrain samples. Then, to query these properties for a 
          gene, all that needs to be done is to look up the precomputed 
          property for the gene's source data location, and then to account for 
          any transformation applied to that data.
        </para>
        <para>
          Another not-so-obvious trait of this encoding is that it is a 
          <emphasis>lossless</emphasis> encoding: it is possible to encode and 
          decode a height field using this scheme, recovering the original 
          height field exactly. It also is relatively robust against numerical 
          drift: the transformation paramters for each gene can be tweaked 
          indefinitely without corrupting the elevation data, since the 
          transformation is only applied when the chromosome is decoded back 
          into a height field.
        </para>
      </section>

      <section>
        <title>Genetic Operators</title>
        <para>
          With this encoding, a wide variety of genetic operators are possible; 
          virtually any image processing operation is a candidate, though not 
          all operations are equally reasonable. For example, a "vortex" 
          transformation on a gene is not likely to improve the terrain 
          configuration substantially, and in many cases would introduce 
          unrealistic shapes to the generated height field. On the other hand, 
          an image "rotation" transformation corresponds directly to a 
          geometric rotation of the height field surface, and could be quite 
          useful for arranging the genes.
        </para>
        <para>
          We use a varied set of genetic operators to operate on the 
          chromosomes for the height field GA.
        </para>
        <variablelist>
          <varlistentry>
            <term> Rectangular Region Copy (crossover) </term>
            <listitem>
              This crossover operator exchanges rectangular clusters of 
              corresponding genes (i.e., genes with the same grid indices) 
              between two chromosomes.  The height and width of the copy 
              rectangle are both selected randomly from the range [1,n], thus, 
              the number of copied genes falls into the range 
              [1,<inlineequation>
                <mml:math>
                  <mml:sup>
                    <mml:mi>n</mml:mi>
                    <mml:mn>2</mml:mn>
                  </mml:sup>
                </mml:math>
              </inlineequation>]. The location of the copy rectangle within the 
              gene grid is randomly selected such that the entire rectangle is 
              within the grid. This operator corresponds to an image copy 
              operation.
            </listitem>
          </varlistentry>

          <varlistentry>
            <term> Vertical Offset (mutation) </term>
            <listitem>
              This mutation operator modifies the vertical offset component of 
              a gene's transformation, effectively altering the mean elevation 
              of the gene. It tends to transform the gene in the direction of 
              the pattern height field's mean elevation the vicinity of that 
              gene. This operator is similar to an image brightness adjustment 
              operation.
            </listitem>
          </varlistentry>

          <varlistentry>
            <term> Vertical Scale (mutation) </term>
            <listitem>
              This mutation operator modifies the vertical scale component of a 
              gene's transformation, changing the elevation range of the gene 
              without altering its mean elevation. It tends to transform the 
              gene towards having the same elevation range as the pattern 
              height field has in the vicinity of the gene. This operator 
              corresponds to linearly stretching or compressing the contrast of 
              an image.
            </listitem>
          </varlistentry>

          <varlistentry>
            <term> Rotation (mutation) </term>
            <listitem>
              This mutation operator modifies the rotation component of a 
              gene's transformation, effectively rotating the contents of the 
              gene about the horizontal center point of the gene. It tends to 
              transform the gene toward having the same gradient direction as 
              the pattern height field has in the vicinity of the gene. This 
              operator corresponds directly to an image rotation operation.
            </listitem>
          </varlistentry>

          <varlistentry>
            <term> Random Source Data Selection (mutation) </term>
            <listitem>
              This mutation operator completely replaces the source data (i.e., 
              the pointer to the source height field, and the coordinates 
              within that height field) in a gene. The new source height field 
              is randomly chosen from among the examples for the gene's terrain 
              type, and the new source coordinates are randomly chosen from 
              within that example.
            </listitem>
          </varlistentry>

          <varlistentry>
            <term> Horizontal Offset (mutation) </term>
            <listitem>
              This mutation operator modifies the coordinates within the source 
              terrain sample from which the gene takes its data. Like the 
              previous operator, this one has the effect of replacing the 
              gene's contents with new data, but the effect is likely to be 
              less drastic, as it keeps the same source height field and only 
              picks new source coordinates within that height field.
            </listitem>
          </varlistentry>
        </variablelist>
        <para>
          I said of several of the mutation operators (those that modify the 
          gene's transformation parameters) that they "tend to" adjust the 
          transformation towards conformity with the pattern height field. The 
          details of how this works are not completely obvious, and so deserve 
          explanation. XXX Finish explanation
              random number generator using inverse gaussian distro
        </para>
      </section>

      <section>
        <title>Fitness Evaluation</title>
        <para>
          Finally, we come to the crux of the matter: how does the GA discern 
          between good height fields and bad ones? We separate the fitness 
          evaluation into two aspects, and calculate the overall fitness as a 
          weighted combination of the two: <mml:math>F = (1-a)G_c + a*R_s</mml:math>.
        </para>
        <variablelist>
          <varlistentry>
            <term>G_c</term>
            <listitem>
              geometric compatibility
            </listitem>
          </varlistentry>
          <varlistentry>
            <term>R_s</term>
            <listitem>
              regional terrain type similarity
            </listitem>
          </varlistentry>
          <varlistentry>
            <term>a</term>
            <listitem>
              a weighting coefficient, controlling how strongly each component 
              affects the overall fitness; 0.5 was found experimentally to be a 
              reasonable value
            </listitem>
          </varlistentry>
        </variablelist>

        <section>
          <title>Geometric Compatibility</title>
          <para>
            <firstterm>Geometric compatibility</firstterm> describes how well 
            the height field encoded in the chromosome matches the "pattern" 
            provided by the previous LOD. This is important for ensuring that 
            the generated LOD is compatible with the previous LODs. The 
            compatibility of a chromosome can be estimated directly from the 
            genetic representation, by comparing the mean elevation and the 
            mean gradient over each gene's area of influence with those values 
            for the corresponding areas of the pattern height field.
          </para>
          <para>
            In comparing these geometric properties, we encounter the same 
            difficulty that we did earlier, in our discussion of comparing 
            statistical distributions: we are trying to compare two unbounded 
            quantities, to get a compatibility measure in the bounded range 
            [0,1]. We employ the same solution to this problem here as we did 
            to the other instance: a Gaussian mapping curve. In this case, the  
            curve mean is the value of the pattern height field that we're 
            trying to match, and the curve standard deviation is chosen to be 
            one fourth the range for the gene's terrain type (e.g., for a 
            "mountain" gene, the curve standard deviation would be one fourth 
            of the elevation range for the "mountain" terrain type).
            The total compatibility of a gene is then calculated as: C_i = 1/3 
            * gauss(E_i) + 1/3 * gauss(S_i) + 1/3 * gauss(A_i).
          </para>
          <variablelist>
            <varlistentry>
              <term>C_i</term>
              <listitem>
                overall compatibility for gene <mml:math>i</mml:math>
              </listitem>
            </varlistentry>
            <varlistentry>
              <term>E_i</term>
              <listitem>
                mean elevation over gene <mml:math>i</mml:math>
              </listitem>
            </varlistentry>
            <varlistentry>
              <term>S_i</term>
              <listitem>
                mean slope (gradient magnitude) over gene <mml:math>i</mml:math>
              </listitem>
            </varlistentry>
            <varlistentry>
              <term>A_i</term>
              <listitem>
                mean gradient angle over gene <mml:math>i</mml:math>
              </listitem>
            </varlistentry>
          </variablelist>
          <para>
            The aggregate compatibility of the entire chromosome is then simply 
            the mean of all of the C_i's.
          </para>
        </section>

        <section>
          <title>Regional Terrain Type Similarity</title>
          <para>
            <firstterm>regional terrain type similarity</firstterm>: how 
            similar each region is to the examples that make up its 
            corresponding terrain type, in terms of measurable characteristics
          </para>
          <para>
            The <firstterm>similarity</firstterm> of a region of terrain to its 
            associated terrain type is a measure of how 
            This aspect of the height field fitness evaluation ensures that the 
            terrain in each region of the map looks the way it is supposed to 
            (i.e., it has the same types and densities of features as the 
            examples Bob provided when he assembled the terrain library). Since 
            the geometric compatibility aspect is already responsible for 
            maintaining the features constructed at prior LODs, this aspect can 
            restrict its focus to producing the kinds of features that are 
            specific to the current LOD, trusting that those features 
            established in earlier LODs will be preserved more-or-less intact.
          </para>
          <para>
            The fitness of a particular region is calculated as the weighted 
            average of a number of "sub-fitnesses". Each of these 
            sub-fitnesses is a comparison between the measured 
            characteristics of the terrain type examples and those of the 
            region being evaluated.
          </para>
        </section>

        <section>
          <title>Localized Guidance of the Genetic Algorithm</title>
          <para>
            As is the case for many things, the GA's great strength can also be 
            a weakness. GAs can solve optimization problems in which the 
            effects of changes are not well understood, precisely because the 
            GA is agnostic about the internal interactions, only evaluating the 
            outcomes. But this also means that a standard GA is rather "dumb": 
            it does not take advantage of domain-specific knowledge that might 
            help guide the GA more quickly in the direction of an optimal 
            solution. When the chromosome size is large, the contribution of 
            any individual gene to the overall fitness is highly diluted, thus 
            an "error" in a gene may take a long time to be fixed, and 
            convergence will be slow.
          </para>
          <para>
            To address this, we modify the GA to retain additional information 
            fron the fitness evaluation, and we use this information to adjust 
            the probability of a mutation occuring in a gene and also to 
            influence the probability distribution function for choosing which 
            mutation operator is invoked.
          </para>
          <para>
            We do this in several places in the GA. At the region level, we 
            retain the region similarity measure, using it to increase or 
            decrease the mutation probabilities of the genes within that 
            region. Similarly, at the gene level, we retain the individual 
            compatibility components, as well as the overall compatibility 
            measure. The probability of a gene being mutated is calculated as 
            P_i = P_m * (1/2 + (1-R_s)/4 + (1-C_i)/4), where P_m is the 
            baseline probability of mutation. With this formulation, the 
            baseline mutation probability still has a strong effect, but genes 
            in highly dissimilar regions and genes that are highly incompatible 
            with the underlying pattern are substantially more likely to be 
            mutated.
          </para>
          <para>
            Once the GA decides to mutate a particular gene, it still has to 
            choose which mutation operator it will apply. An attractive feature 
            of this enhancement to the GA is that smart and dumb mutation 
            operators may be freely intermixed. A <firstterm>smart</firstterm> 
            mutation operator is one that has a predictable relationship to 
            some component of the fitness evaluation (e.g., E_i, the mean 
            elevation of a gene, is directly affected by the "vertical offset" 
            operator). In contrast, a <firstterm>dumb</firstterm> genetic 
            operator produces unpredictable effects, or else cannot easily be 
            related to any part of the fitness evaluation (e.g., the "pick new 
            source location" operator). When deciding which operator to use, 
            the GA modifies the mutation operator PDF, giving higher 
            probabilities to smart operators that are needed by the current 
            gene and lower probabilities to smart operators that are not.  
            Probabilities for dumb operators remain fixed.
          </para>
          <para>
            One way to understand the changes we've made to the GA is that 
            we've added additional, tighter feedback loops within the GA, 
            essentially creating several child GAs within the height field 
            generation GA, who are better equipped to handle particular aspects 
            of the problem.  One point that deserves to be mentioned is that, 
            despite incorporating this additional guidance, the algorithm is 
            still a <emphasis>probabilistic</emphasis> algorithm, not a 
            deterministic one. While a speedier convergence rate is generally a 
            good thing, we must retain the "random walk" feature of the GA, so 
            as not to loose the ability to escape local maxima in the solution 
            space (i.e., terrains that are "ok" but not "great").
          </para>
        </section>

        <section>
          <title>Cleaning Up the Final Result</title>
          <para>
            A final improvement we can make concerns those few genes that are 
            out-of-place at the end of the GA. Given enough evolution cycles, 
            the GA is generally successful at bringing 
            <emphasis>most</emphasis> of the genes in to alignment, however, 
            since it is a probabilistic algorithm, it is not unlikely that a 
            handful of genes out of the dozens (or hundreds) in the chromosome 
            might escape being brought into conformity with the rest. Such 
            genes are especially noticeable if they have a substantially 
            different elevation from the surrounding terrain; they look sort of  
            like squarish "fingers poking up from the ground.
          </para>
          <para>
            These remaining artifacts can be removed by applying a 
            <firstterm>conform</firstterm> operator to these aberrant genes.  
            The conform operator simply sets the gene's transformation 
            parameters so as to give the gene a compatibility value
            <informalequation>
              <mml:math>
                <mml:sub>
                  <mml:mi>C</mml:mi>
                  <mml:mi>i</mml:mi>
                </mml:sub>
              </mml:math>
            </informalequation>
            of 1; in effect, it forces the gene to fit the pattern height field 
            as closely as possible.
          </para>
        </section>

      </section>
    </section>
  </section>
</chapter>
