<?xml version="1.0" encoding="UTF-8" standalone="no"?>
<!-- vim: set filetype=docbkxml encoding=utf8: -->

<!DOCTYPE chapter PUBLIC "-//Ryan//DTD DocBook XML-MathML-SVG V4.3//EN"
  "file:///c:/Documents and Settings/Taliesen/Desktop/Ry's Stuff/DocBook/docbook-mathml-svg.dtd">


<chapter id="Motivation">
  <title>Motivation</title>
  <para>
    The goal of Terrainosaurus is to build a better mousetrap, so to speak.  
    Established terrain generation methodologies have their own respective 
    strengths and weaknesses, which will be discussed in <xref 
      linkend="Taxonomy of Methods"/>.  Terrainosaurus is an attempt to address 
    the shortcomings of these existing methods, yielding a better way of 
    generating artificial terrain.
  </para>
  <para>
    In order to elucidate the motivation for an algorithm like Terrainosaurus,  
    and to establish the context for the discussion that follows, it is worth 
    spending time answering some preliminary questions:
    <itemizedlist>
      <listitem>
        Why generate terrain?
      </listitem>
      <listitem>
        What characteristics would an <emphasis>ideal</emphasis> terrain 
        generation algorithm have?
      </listitem>
      <listitem>
        What are the primary objectives for Terrainosaurus?
      </listitem>
    </itemizedlist>
  </para>

  <section>
    <title>Applications of Terrain Generation</title>
    <para>
      Before we bother any further with <emphasis>how</emphasis> to generate 
      terrain, we ought to establish <emphasis>why</emphasis> it is worth 
      doing, and who the primary user of terrain generation algorithms are.
    </para>
    <para>
      Terrain generation has applications in a number of fields, most of which 
      are entertainment-related, though certainly not all. Examples include:
      <itemizedlist>
        <listitem>
          Computer-generated art &amp; animation&em;both the commercial variety 
          and "art for art's sake" often depict the natural world.
        </listitem>
        <listitem>
          Computer games &amp; virtual reality (VR)&em;many virtual worlds 
          involve at least some natural terrain. In addition to the 
          entertainment uses of virtual worlds, they also have applications in 
          military combat simulation.
        </listitem>
        <listitem>
          Architectural renderings&em;while the focus of architectural 
          renderings is generally the buildings themselves, realistic terrain 
          can help to provide the larger context for the buildings, 
          contributing to the overall effect.
        </listitem>
      </itemizedlist>
    </para>
  </section>

  <section>
    <title>Idealized Terrain Generation</title>
    <para>
      As is the case with many difficult problems, there are a number of ideal  
      traits that we would like our terrain generation algorithm to have, some 
      of which are in tension with one another. Such an ideal algorithm is 
      probably a figment of our collective imagination; nonetheless, having 
      such an ideal in view gives us a yardstick with which to evaluate the 
      strengths and weaknesses of real algorithms.
    </para>
    <para>
      While this is not an exhaustive list, our imaginary, ideal algorithm 
      would:
      <itemizedlist>
        <listitem>
          require a low degree of human input
        </listitem>
        <listitem>
          permit a high degree of human control
        </listitem>
        <listitem>
          be completely intuitive to control
        </listitem>
        <listitem>
          be able to reproduce a wide variety of recognizable terrain types and 
          features realistically, in believable relationship to one another
        </listitem>
        <listitem>
          produce models at arbitrary levels of detail
        </listitem>
        <listitem>
          run quickly enough to be used in real-time, dynamic applications
        </listitem>
        <listitem>
          be extensible to support new types of terrain
        </listitem>
      </itemizedlist>
    </para>

    <section>
      <title>Low Degree of Human Input</title>
      <para>
        Digital terrain models typically involve large amounts of data. For 
        example, a standard 10-meter USGS DEM (digital elevation model) 
        <biblioref linkend="DEM Specification"/> contains more than 10,000 data 
        points per square kilometer. If an artist has to place each point 
        manually, this adds up to an enormous amount of painstaking work for 
        the artist. Therefore, any terrain construction detail that can be 
        automated without significantly limiting the artist's control over the 
        result should result in increased productivity. An ideal terrain 
        generation methodology would accept a command as simple as "give me a 
        10 km by 5km area of desert-like terrain" and produce a believable 
        result.
      </para>
      <para>
        If the inputs required by an algorithm are sufficiently minimal, there 
        may be a second benefit, in addition to the increase in artist 
        productivity: the algorithm may be useful for generating unique 
        terrains automatically (e.g., as a random world generator for a game).
      </para>
    </section>

    <section>
      <title>High Degree of Human Control</title>
      <para>
        In obvious tension with the previous ideal is the goal of permitting 
        the artist to exert an arbitrarily fine degree of control over the 
        features and characteristics of the generated terrain. To give an 
        artist full creative freedom requires that he be able to control the 
        behavior of the terrrain across all scales, from the macro-scale 
        features (hills, valleys, mountains, etc.) to the micro-scale details 
        (cracks, crevices, etc.), with any degree of localization, from global  
        to highly localized effects. An ideal algorithm would permit the artist 
        to exert whatever amount of control he wished, where he wished, while 
        intelligently filling in the details he doesn't care to specify 
        directly.
      </para>
    </section>

    <section>
      <title>Intuitive Control</title>
      <para>
        If a user is required to gain arcane knowledge or specialized skills to 
        use a tool effectively, that tool will have a correspondingly steep 
        learning curve. A perfect terrain generation algorithm would be 
        perfectly intuitive to use&em;a complete "black box" from the user's 
        perspective, requiring no understanding whatsoever of the algorithm's 
        innards. Furthermore, all of the inputs available to the user would be 
        highly intuitive; even an inexperienced user would have a reasonable 
        idea of how tweaking an input will affect the generated terrain.
      </para>
    </section>

    <section>
      <title>Diverse, Believable Features &amp; Terrain Types</title>
      <para>
        A terrain generation algorithm that can reproduce only a narrow range 
        of terrain types and features is inherently limited in its usefulness 
        (when all you have is a hammer...). An ideal algorithm would be able to 
        create a wide diversity of terrain types (e.g., desert, mountains, 
        plains) and features (e.g. ravines, riverbeds, volcanoes), both from 
        the real world and from the imagination of the artist.  Additionally, 
        the transitions between different types of terrain (e.g., from 
        mountains to foothills) would be believable, and the placement of 
        semantic features would make sense (waterfalls would pour into pools, 
        rivers would always flow downhill).
      </para>
    </section>

    <section>
      <title>Arbitrary Level-of-Detail</title>
      <para>
        It is precisely because terrain models involve such large quantities of 
        data that continuous level of detail (CLOD) algorithms are necessary 
        for their visualization. But full-detail terrain models are not always 
        needed, the requisite level of detail being determined by their 
        intended use. For example, a model meant to act as the setting for a 
        computer-animated film would need highly realistic detail only in the 
        areas where the action is to take place, and could use relatively 
        simple geometry in the other areas. Similarly, the level of detail 
        required of the terrain in a flight simulation is significantly less 
        than what is needed for ground-level action. An ideal terrain 
        generation algorithm would permit the creation of terrain at multiple 
        levels of detail, and the segmentation of large terrains into regions 
        of differing level-of-detail.
      </para>
    </section>

    <section>
      <title>Fast Enough for Real-Time Applications</title>
      <para>
        Some terrain-processing algorithms require a lengthy preprocessing 
        phase <biblioref linkend="Chunked LOD"/> <biblioref linkend="L3DT"/> 
        before the terrain can be used in a real-time application.  
        Intuitively, we would expect all but the most simplistic terrain 
        generation algorithms to fall into this category. Nonetheless, an 
        algorithm that could do most or all of its processing on-the-fly, would 
        provide several important advantages, including:
        <itemizedlist>
          <listitem>
            instantaneous feedback to the artist of the effects of a particular 
            modification
          </listitem>
          <listitem>
            the ability to modify dynamically the terrain in fundamental and 
            interesting ways (such as transforming a mountain into a crater, or 
            rapidly eroding a riverbed into a deep gorge)
          </listitem>
          <listitem>
            savings in the amount of memory and disk storage required (if the 
            terrain can be (re)generated from a smaller set of parameters)
          </listitem>
          <listitem>
            the ability to create seamless, infinite worlds, with arbitrarily 
            fine, dynamic level of detail
          </listitem>
        </itemizedlist>
      </para>
    </section>

    <section>
      <title>Extensibility</title>
      <para>
        Regardless of how many types of terrain a terrain generation tool can 
        make, there will always be a user wanting something "just a little bit 
        different"&em;the set of terrain types is as limitless as one's 
        imagination. Thus, an ideal terrain generation algorithm should be 
        extensible in some way, allowing new types of terrain to be introduced 
        fairly easily.
      </para>
    </section>
  </section>

  <section>
    <title>Goals</title>
    <para>
      Our idealized algorithm has set the standard of perfection fairly 
      high...Terrainosaurus most certainly will not possess all of the traits 
      of our imaginary ideal. So when we have to sacrifice one trait in order 
      to gain another, which traits will we choose to let go of?
    </para>
    <para>
      The needs of the primary user community for terrain generation should 
      guide our decisions at this point&em;if users demand realism and we give 
      them minimal generation times at the expense of realism...we're not going 
      to be very popular. Looking back at the above list of terrain generation 
      applications, one thing that most of them have in common is that they 
      have time to spare: with the possible exception of games &amp; VR, none 
      of them need to generate terrain at interactive speeds.  Even this last 
      case, the terrain is normally generated once (either by the game 
      designer, or when the program starts) and not modified afterward (in 
      fact, most CLOD algorithms <emphasis>depend</emphasis> on the terrain 
      being static).
    </para>
    <para>
      Having observed that real-time performance, while nice, is not strictly 
      necessary, we are free to pursue other goals. In particular, the goals we 
      consider to be most important are (in order of importance):
      <orderedlist>
        <listitem>
          extensibility
        </listitem>
        <listitem>
          realism
        </listitem>
        <listitem>
          ease of use (intuitive to control, low input required)
        </listitem>
        <listitem>
          high degree of user control
        </listitem>
      </orderedlist>
      These will be our guiding objectives throughout the design of our 
      algorithm.
    </para>
  </section>
</chapter>
