<?xml version="1.0" encoding="UTF-8" standalone="no"?>
<!-- vim: set filetype=docbkxml encoding=utf8: -->

<!DOCTYPE chapter PUBLIC "-//Ryan//DTD DocBook XML-MathML-SVG V4.3//EN"
  "file:///c:/Documents and Settings/Taliesen/Desktop/Ry's Stuff/DocBook/docbook-mathml-svg.dtd">


<book xmlns:xi="&XInclude-NS;" xml:base="xml/thesis.xml">
  <bookinfo>
    <title>Terrainosaurus</title>
    <subtitle> Realistic Terrain Synthesis Using Genetic Algorithms </subtitle>
    <author>
      <firstname> Ryan </firstname>
      <othername role="mi"> L. </othername>
      <surname> Saunders </surname>
    </author>
    <author>
      <honorific> Dr </honorific>
      <firstname> John </firstname>
      <surname> Keyser </surname>
      <contrib> Advisor </contrib>
    </author>
    <collab>
      <firstname> Teong </firstname>
      <othername role="m"> Joo </othername>
      <surname> Ong </surname>
    </collab>
    <orgname> Texas A&amp;M University </orgname>

    <!-- Front Matter -->
    <xi:include href="abstract.xml"/>

  </bookinfo>

  <!-- Major Sections -->
  <xi:include href="introduction.xml"/>
  <xi:include href="motivation.xml"/>
  <xi:include href="background.xml"/>
  <xi:include href="methods.xml"/>
  <xi:include href="implementation.xml"/>
  <xi:include href="discussion.xml"/>
  <xi:include href="future-work.xml"/>
  <xi:include href="conclusion.xml"/>

  <!-- Back Matter -->
  <xi:include href="references.xml"/>

</book>
