<?xml version="1.0" encoding="UTF-8" standalone="no"?>
<!-- vim: set filetype=docbkxml encoding=utf8: -->

<!DOCTYPE bibliography PUBLIC "-//Ryan//DTD DocBook XML-MathML-SVG V4.3//EN"
  "file:///c:/Documents and Settings/Taliesen/Desktop/Ry's Stuff/DocBook/docbook-mathml-svg.dtd">

<bibliography>

  <biblioentry id="Terrainosaurus GECCO" role="proceedings">
    <title>Terrain Generation Using Genetic Algorithms</title>
    <authorgroup>
      <author>
        <surname>Ong</surname>
        <firstname>Teong</firstname>
      </author>
      <author>
        <surname>Saunders</surname>
        <firstname>Ryan</firstname>
      </author>
      <author>
        <surname>Keyser</surname>
        <firstname>John</firstname>
      </author>
      <author>
        <surname>Leggett</surname>
        <firstname>John</firstname>
      </author>
    </authorgroup>
    <confgroup>
      <conftitle>GECCO 2005</conftitle>
      <confsponsor>AAAI</confsponsor>
      <confdates>June 24 - 29, 2005</confdates>
    </confgroup>
    <publisher>
      To be published
    </publisher>
  </biblioentry>

  <biblioentry id="Procedure Models" role="proceedings">
    <title>Procedure Models for Generating Three-Dimensional Terrain</title>
    <authorgroup>
      <author>
        <surname>Marshall</surname>
        <firstname>Robert</firstname>
      </author>
      <author>
        <surname>Wilson</surname>
        <firstname>Rodger</firstname>
      </author>
      <author>
        <surname>Carlson</surname>
        <firstname>Wayne</firstname>
      </author>
    </authorgroup>
    <confgroup>
      <conftitle>SIGGRAPH '80</conftitle>
      <confsponsor>ACM</confsponsor>
      <confdates>July, 1980</confdates>
    </confgroup>
    <publisher>
      <publishername>ACM Press</publishername>
      <address>
        <city>New York</city>
        <state>NY</state>
        <country>USA</country>
      </address>
    </publisher>
    <pubdate>July, 1980</pubdate>
    <pagenums>154-162</pagenums>
  </biblioentry>

  <biblioentry id="Mountains and Rivers" role="proceedings">
    <title>A Fractal Model of Mountains with Rivers</title>
    <authorgroup>
      <author>
        <surname>Prusinkiewicz</surname>
        <firstname>Przemyslaw</firstname>
      </author>
      <author>
        <surname>Hammel</surname>
        <firstname>Mark</firstname>
      </author>
    </authorgroup>
    <confgroup>
      <conftitle>Graphics Interface '93</conftitle>
    </confgroup>
    <pubdate>May 1993</pubdate>
    <pagenums>174-180</pagenums>
  </biblioentry>

  <biblioentry id="ROAM" role="proceedings">
    <title>ROAMing Terrain: Real-time Optimally Adapting Meshes</title>
    <authorgroup>
      <author>
        <surname>Duchaineau</surname>
        <firstname>Mark</firstname>
      </author>
      <author>
        <surname>Wolinsky</surname>
        <firstname>Murray</firstname>
      </author>
      <author>
        <surname>Sigeti</surname>
        <firstname>David</firstname>
        <othername role="mi"> E </othername>
      </author>
      <author>
        <surname>Miller</surname>
        <firstname>Mark</firstname>
        <othername role="mi"> C </othername>
      </author>
      <author>
        <surname>Aldrich</surname>
        <firstname>Charles</firstname>
      </author>
      <author>
        <surname>Mineev-Weinstein</surname>
        <firstname>Mark</firstname>
        <othername role="mi"> B </othername>
      </author>
    </authorgroup>
    <confgroup>
      <conftitle>Visualization '97</conftitle>
      <confsponsor>IEEE</confsponsor>
    </confgroup>
    <publisher>
      <publishername>IEEE Computer Society Press</publishername>
      <address>
        <city>Los Alamitos</city>
        <state>CA</state>
        <country>USA</country>
      </address>
    </publisher>
    <pubdate>October, 1997</pubdate>
    <pagenums>81-88</pagenums>
  </biblioentry>

  <biblioentry id="Definition and Rendering" role="proceedings">
    <title>The Definition and Rendering of Terrain Maps</title>
    <author>
      <surname>Miller</surname>
      <firstname>Gavin S.</firstname>
      <othername role="mi"> P </othername>
    </author>
    <confgroup>
      <conftitle>SIGGRAPH '86</conftitle>
      <confsponsor>ACM</confsponsor>
    </confgroup>
    <publisher>
      <publishername>ACM Press</publishername>
      <address>
        <city>New York</city>
        <state>NY</state>
        <country>USA</country>
      </address>
    </publisher>
    <pubdate>August, 1986</pubdate>
    <pagenums>39-48</pagenums>
  </biblioentry>

  <biblioentry id="Eroded Fractal Terrains" role="proceedings">
    <title>The Synthesis and Rendering of Eroded Fractal Terrains</title>
    <authorgroup>
      <author>
        <surname>Musgrave</surname>
        <firstname>F.</firstname>
        <othername role="m"> Kenton </othername>
      </author>
      <author>
        <surname>Kolb</surname>
        <firstname>Craig</firstname>
        <othername role="mi"> E </othername>
      </author>
      <author>
        <surname>Mace</surname>
        <firstname>Robert</firstname>
        <othername role="mi"> S </othername>
      </author>
    </authorgroup>
    <confgroup>
      <conftitle>SIGGRAPH '89</conftitle>
      <confsponsor>ACM</confsponsor>
    </confgroup>
    <publisher>
      <publishername>ACM Press</publishername>
      <address>
        <city>New York</city>
        <state>NY</state>
        <country>USA</country>
      </address>
    </publisher>
    <pubdate>July, 1989</pubdate>
    <pagenums>41-50</pagenums>
  </biblioentry>

  <biblioentry id="Feature-based CLOD" role="proceedings">
    <title>Feature-based Visibility-driven CLOD for Terrain</title>
    <authorgroup>
      <author>
        <surname>Li</surname>
        <firstname>Sheng</firstname>
      </author>
      <author>
        <surname>Liu</surname>
        <firstname>Xuehui</firstname>
      </author>
      <author>
        <surname>Wu</surname>
        <firstname>Enhua</firstname>
      </author>
    </authorgroup>
    <confgroup>
      <conftitle>Pacific Graphics 2003</conftitle>
    </confgroup>
    <publisher>
      <publishername>IEEE Computer Society Press</publishername>
      <address>
        <city>Los Alamitos</city>
        <state>CA</state>
      </address>
    </publisher>
    <pubdate>October, 2003</pubdate>
    <pagenums>313-322</pagenums>
  </biblioentry>

  <biblioentry id="Combat Simulation" role="proceedings">
    <title> The Generation and Use of Parameterized Terrain in Land Combat 
    Simulation </title>
    <author>
      <surname>Parry</surname>
      <firstname>Sam</firstname>
      <othername role="mi"> H </othername>
    </author>
    <confgroup>
      <conftitle>Winter Simulation Conference '77</conftitle>
    </confgroup>
    <publisher>
      <publishername>Winter Simulation Conference</publishername>
    </publisher>
    <pubdate>December, 1997</pubdate>
    <pagenums>422-431</pagenums>
  </biblioentry>

  <biblioentry id="Stream Erosion" role="proceedings">
    <title>Terrain Simulation Using a Model of Stream Erosion</title>
    <authorgroup>
      <author>
        <surname>Kelley</surname>
        <firstname>Alex</firstname>
        <othername role="mi"> D </othername>
      </author>
      <author>
        <surname>Malin</surname>
        <firstname>Michael</firstname>
        <othername role="mi"> C </othername>
      </author>
      <author>
        <surname>Nielson</surname>
        <firstname>Gregory</firstname>
        <othername role="mi"> M </othername>
      </author>
    </authorgroup>
    <confgroup>
      <conftitle>SIGGRAPH '88</conftitle>
      <confsponsor>ACM</confsponsor>
    </confgroup>
    <publisher>
      <publishername>ACM Press</publishername>
      <address>
        <city>New York</city>
        <state>NY</state>
        <country>USA</country>
      </address>
    </publisher>
    <pubdate>June 1988</pubdate>
    <pagenums>263-268</pagenums>
  </biblioentry>

  <biblioentry id="Genetic Algorithms" role="proceedings">
    <title> Visualization of Genetic Algorithms in a Learning Environment 
    </title>
    <authorgroup>
      <author>
        <surname>Obitko</surname>
        <firstname>Marek</firstname>
      </author>
      <author>
        <surname>Skavík</surname>
        <firstname>Pavel</firstname>
      </author>
    </authorgroup>
    <confgroup>
      <conftitle>Spring Conference on Computer Graphics '99</conftitle>
    </confgroup>
    <publisher>
      <publishername>Comenius University</publishername>
      <address>
        <city>Bratislava</city>
        <country>Slovakia</country>
      </address>
    </publisher>
    <pubdate>1999</pubdate>
    <pagenums>101-106</pagenums>
  </biblioentry>

  <biblioentry id="Geometry Clipmaps" role="proceedings">
    <title> Geometry Clipmaps: Terrain Rendering Using Nested Regular Grids 
    </title>
    <authorgroup>
      <author>
        <surname>Losasso</surname>
        <firstname>Frank</firstname>
      </author>
      <author>
        <surname>Hoppe</surname>
        <firstname>Hugues</firstname>
      </author>
    </authorgroup>
    <confgroup>
      <conftitle>SIGGRAPH 2004</conftitle>
      <confsponsor>ACM</confsponsor>
    </confgroup>
    <publisher>
      <publishername>ACM Press</publishername>
      <address>
        <city>New York</city>
        <state>NY</state>
        <country>USA</country>
      </address>
    </publisher>
    <pubdate>August, 2004</pubdate>
    <pagenums>769-776</pagenums>
  </biblioentry>

  <biblioentry id="MPD Method" role="journal">
    <title>Computer Rendering of Stochastic Models</title>
    <authorgroup>
      <author>
        <surname>Fournier</surname>
        <firstname>Alain</firstname>
      </author>
      <author>
        <surname>Fussell</surname>
        <firstname>Don</firstname>
      </author>
      <author>
        <surname>Carpenter</surname>
        <firstname>Loren</firstname>
      </author>
    </authorgroup>
    <bibliosource>Communications of the ACM</bibliosource>
    <volumenum>25</volumenum>
    <issuenum>6</issuenum>
    <publisher>
      <publishername>ACM Press</publishername>
      <address>
        <city>New York</city>
        <state>NY</state>
        <country>USA</country>
      </address>
    </publisher>
    <pubdate>June, 1982</pubdate>
    <pagenums>371-384</pagenums>
  </biblioentry>

  <biblioentry id="Wavelet Synthesis" role="tech-report">
    <title> Flexible Generation and Lightweight View-Dependent Rendering of 
    Terrain </title>
    <authorgroup>
      <author>
        <surname>Pelton</surname>
        <firstname>Blake</firstname>
      </author>
      <author>
        <surname>Atkinson</surname>
        <firstname>Darren</firstname>
        <othername role="mi"> C </othername>
      </author>
    </authorgroup>
    <bibliosource> School of Engineering Technical Report COEN-2003-01-22 
    </bibliosource>
    <publisher>
      <publishername>Santa Clara University, Department of Computer Engineering</publishername>
      <address>
        <city>Santa Clara</city>
        <state>CA</state>
        <country>USA</country>
      </address>
    </publisher>
    <pubdate>January, 2003</pubdate>
  </biblioentry>

  <biblioentry id="Chunked LOD" role="course-notes">
    <title> Rendering Massive Terrains Using Chunked Level of Detail Control 
    </title>
    <author>
      <surname>Ulrich</surname>
      <firstname>Thatcher</firstname>
    </author>
    <confgroup>
      <conftitle>SIGGRAPH 2001</conftitle>
      <confsponsor>ACM</confsponsor>
    </confgroup>
    <pubdate>April 14, 2002</pubdate>
    <bibliomisc role="url">
      http://cvs.sourceforge.net/viewcvs.py/*checkout*/tu-testbed/tu-testbed/docs/sig-notes.pdf?rev=HEAD 
    </bibliomisc>
  </biblioentry>

  <biblioentry id="Algorithms" role="book">
    <title>Introduction to Algorithms, 2nd Ed.</title>
    <authorgroup>
      <author>
        <surname>Cormen</surname>
        <firstname>Thomas</firstname>
        <othername role="mi"> H </othername>
      </author>
      <author>
        <surname>Leiserson</surname>
        <firstname>Charles</firstname>
        <othername role="mi"> E </othername>
      </author>
      <author>
        <surname>Rivest</surname>
        <firstname>Ronald</firstname>
        <othername role="mi"> L </othername>
      </author>
      <author>
        <surname>Stein</surname>
        <firstname>Clifford</firstname>
      </author>
    </authorgroup>
    <isbn>0-262-03293-7</isbn>
    <publisher>
      <publishername>MIT Press</publishername>
      <address>
        <city>Cambridge</city>
        <state>MA</state>
        <country>USA</country>
      </address>
    </publisher>
    <pubdate>
      <year>2001</year>
    </pubdate>
  </biblioentry>

  <biblioentry id="Texturing and Modeling" role="book">
    <title>Texturing &amp; Modeling</title>
    <authorgroup>
      <author>
        <surname>Ebert</surname>
        <firstname>David</firstname>
        <othername role="mi"> S </othername>
      </author>
      <author>
        <surname>Musgrave</surname>
        <firstname>F.</firstname>
        <othername role="m"> Kenton </othername>
      </author>
      <author>
        <surname>Peachey</surname>
        <firstname>Darwyn</firstname>
      </author>
      <author>
        <surname>Perlin</surname>
        <firstname>Ken</firstname>
      </author>
      <author>
        <surname>Worley</surname>
        <firstname>Steven</firstname>
      </author>
    </authorgroup>
    <isbn>0-12-228730-4</isbn>
    <publisher>
      <publishername>Morgan Kaufmann Publishers</publishername>
      <address>
        <city>San Fransico</city>
        <state>CA</state>
      </address>
    </publisher>
    <pubdate>
      <year>1998</year>
    </pubdate>
  </biblioentry>


  <biblioentry id="ROAM Tutorial" role="website">
    <title> Real-Time Dynamic Level of Detail Terrain Rendering with ROAM 
    </title>
    <author>
      <surname>Turner</surname>
      <firstname>Bryan</firstname>
    </author>
    <publisher>
      <publishername>Gamasutra</publishername>
    </publisher>
    <pubdate>April, 2000</pubdate>
    <bibliomisc role="url"> http://www.gamasutra.com/features/20000403/turner_01.htm </bibliomisc>
  </biblioentry>

  <biblioentry id="Area51" role="website">
    <title>Generating Terrain</title>
    <author>
      <surname>Burke</surname>
      <firstname>Carl</firstname>
    </author>
    <pubdate>
      <year>1996</year>
    </pubdate>
    <bibliomisc role="url"> http://www.geocities.com/Area51/6902/terrain.html </bibliomisc>
  </biblioentry>

  <biblioentry id="Lighthouse 3D" role="website">
    <title>Lighthouse 3D - Terrain Tutorial</title>
    <author>
      <surname>Fernandez</surname>
      <firstname>António Ramires</firstname>
    </author>
    <bibliomisc role="url"> http://www.lighthouse3d.com/opengl/terrain/index.php3 </bibliomisc>
  </biblioentry>

  <biblioentry id="Spectral Synthesis" role="website">
    <title>Spectral Synthesis Noise for Creating Terrain</title>
    <author>
      <surname>Franke</surname>
      <firstname>Scott</firstname>
    </author>
    <publisher>
      <publishername>GameDev.net</publishername>
    </publisher>
    <pubdate>January 1, 2000</pubdate>
    <bibliomisc role="url"> http://www.gamedev.net/reference/articles/article900.asp </bibliomisc>
  </biblioentry>

  <biblioentry id="SDTS Specification" role="website">
    <title>The SDTS Document</title>
    <editor>
      <surname>Rinehart</surname>
      <firstname>Robert</firstname>
    </editor>
    <publisher>
      <publishername>United States Geological Survey</publishername>
    </publisher>
    <pubdate>September 11, 2003</pubdate>
    <bibliomisc role="url"> http://rockyweb.cr.usgs.gov/nmpstds/demstds.html </bibliomisc>
  </biblioentry>

  <biblioentry id="DEM Specification" role="website">
    <title>National Mapping Program Standards</title>
    <corpauthor>USGS</corpauthor>
    <publisher>
      <publishername>United States Geological Survey</publishername>
    </publisher>
    <pubdate>April 10, 2003</pubdate>
    <bibliomisc role="url"> http://rockyweb.cr.usgs.gov/nmpstds/demstds.html </bibliomisc>
  </biblioentry>

  <biblioentry id="Fluid Simulation" role="website">
    <title>Terrain Generation Using Fluid Simulation</title>
    <author>
      <surname>Woodhouse</surname>
      <firstname>Francis</firstname>
    </author>
    <publisher>
      <publishername>GameDev.net</publishername>
    </publisher>
    <pubdate>September 30, 2003</pubdate>
    <bibliomisc role="url"> http://www.gamedev.net/reference/articles/article2001.asp </bibliomisc>
  </biblioentry>

  <biblioentry id="Random Rivers" role="website">
    <title>Adding Realistic Rivers to Random Terrain</title>
    <author>
      <surname>Clyde</surname>
      <firstname>David</firstname>
    </author>
    <publisher>
      <publishername>GameDev.net</publishername>
    </publisher>
    <pubdate>March 15, 2004</pubdate>
    <bibliomisc role="url"> http://www.gamedev.net/reference/articles/article2065.asp </bibliomisc>
  </biblioentry>

  <biblioentry id="USGS Maps" role="website">
    <title>USGS Seamless Data Distribution</title>
    <corpauthor>USGS</corpauthor>
    <publisher>
      <publishername>United States Geological Survey</publishername>
    </publisher>
    <pubdate>April 14, 2004</pubdate>
    <bibliomisc role="url"> http://gisdata.usgs.net/Website/Seamless/viewer.php </bibliomisc>
  </biblioentry>

  <biblioentry id="GDC 2002" role="website">
    <title>Science Imitates Nature at GDC</title>
    <author>
      <surname>Sanchez-Crespo</surname>
      <firstname>Daniel</firstname>
    </author>
    <publisher>
      <publishername>Gamasutra</publishername>
    </publisher>
    <pubdate>March 23, 2002</pubdate>
    <bibliomisc role="url"> http://www.gamasutra.com/gdc2002/features/nature/nature_01.htm </bibliomisc>
  </biblioentry>

  <biblioentry id="Trespasser Postmortem" role="website">
    <title>Postmortem: DreamWorks Interactive's Trespasser</title>
    <author>
      <surname>Wyckoff</surname>
      <firstname>Richard</firstname>
    </author>
    <publisher>
      <publishername>Gamasutra</publishername>
    </publisher>
    <pubdate>May 14, 1999</pubdate>
    <bibliomisc role="url"> http://www.gamasutra.com/features/19990514/trespasser_01.htm </bibliomisc>
  </biblioentry>


  <biblioentry id="Halo" role="software">
    <title>Halo</title>
    <corpauthor>Bungie Studios</corpauthor>
    <publisher>
      <publishername>Microsoft Game Studios</publishername>
    </publisher>
    <pubdate>2001</pubdate>
  </biblioentry>

  <biblioentry id="SimCity 4" role="software">
    <title>SimCity 4</title>
    <publisher>
      <publishername>Electronic Arts</publishername>
    </publisher>
    <pubdate>2003</pubdate>
  </biblioentry>

  <biblioentry id="VTP" role="software">
    <title>The Virtual Terrain Project</title>
    <publisher>
      <publishername>VTP</publishername>
    </publisher>
    <bibliomisc role="url"> http://www.vterrain.org/ </bibliomisc>
  </biblioentry>

  <biblioentry id="UT 2004" role="software">
    <title>Unreal Tournament 2004</title>
    <corpauthor>Epic Games, Inc.</corpauthor>
    <publisher>
      <publishername>Atari, Inc.</publishername>
    </publisher>
    <bibliomisc role="url"> http://www.unrealtournament.com/ </bibliomisc>
  </biblioentry>

  <biblioentry id="FS 2004" role="software">
    <title>Flight Simulator 2004</title>
    <corpauthor>Microsoft Game Studios</corpauthor>
    <publisher>
      <publishername>Microsoft, Inc.</publishername>
    </publisher>
    <bibliomisc role="url"> http://www.microsoft.com/games/flightsimulator/ </bibliomisc>
  </biblioentry>

  <biblioentry id="Terragen" role="software">
    <title>Terragen</title>
    <corpauthor>Planetside Software</corpauthor>
    <bibliomisc role="url"> http://www.planetside.co.uk/terragen/ </bibliomisc>
  </biblioentry>

  <biblioentry id="Bryce 3D" role="software">
    <title>Bryce 3D</title>
    <publisher>
      <publishername>DAZ Productions</publishername>
    </publisher>
    <bibliomisc role="url"> http://www.daz3d.com/program/bryce/ </bibliomisc>
  </biblioentry>

  <biblioentry id="ArcGIS" role="software">
    <title>ArcGIS</title>
    <publisher>
      <publishername>ESRI</publishername>
    </publisher>
    <bibliomisc role="url"> http://www.esri.com/software/arcgis/ </bibliomisc>
  </biblioentry>

  <biblioentry id="MojoWorld" role="software">
    <title>MojoWorld</title>
    <publisher>
      <publishername>Pandromeda, Inc.</publishername>
    </publisher>
    <bibliomisc role="url"> http://www.pandromeda.com/ </bibliomisc>
  </biblioentry>

  <biblioentry id="L3DT" role="software">
    <author>
      <surname>Torpy</surname>
      <firstname>Aaron</firstname>
    </author>
    <title>L3DT</title>
    <bibliomisc role="url"> http://www.geocities.com/aaron_torpy/gallery.htm </bibliomisc>
  </biblioentry>

  <biblioentry id="World Machine" role="software">
    <author>
      <surname>Schmidt</surname>
      <firstname>Stephen</firstname>
    </author>
    <title>World Machine</title>
    <bibliomisc role="url"> http://www.world-machine.com/ </bibliomisc>
  </biblioentry>

  <biblioentry id="Perlin Noise">
    <author>
      <surname>BROKEN Mandelbrot</surname>
    </author>
  </biblioentry>

  <biblioentry id="Mandelbrot">
    <author>
      <surname>BROKEN Mandelbrot</surname>
    </author>
  </biblioentry>

  <biblioentry id="GeoCommunity">
    <author>
      <surname>BROKEN Mandelbrot</surname>
    </author>
  </biblioentry>

  <biblioentry id="ANTLR">
    <author>
      <surname>BROKEN Mandelbrot</surname>
    </author>
  </biblioentry>

  <biblioentry id="FFTW">
    <author>
      <surname>BROKEN Mandelbrot</surname>
    </author>
  </biblioentry>

  <biblioentry id="CHI Study">
    <author>
      <surname>BROKEN Mandelbrot</surname>
    </author>
  </biblioentry>

</bibliography>
